_id,id,likes,private,downloads,tags,pipeline_tag,library_name,createdAt,modelId
678dc6fff905d106be796d8a,deepseek-ai/DeepSeek-R1,11974,False,1757133,"['transformers', 'safetensors', 'deepseek_v3', 'text-generation', 'conversational', 'custom_code', 'arxiv:2501.12948', 'license:mit', 'autotrain_compatible', 'endpoints_compatible', 'fp8', 'region:us']",text-generation,transformers,2025-01-20T03:46:07.000Z,deepseek-ai/DeepSeek-R1
66aaa908fc35e079a941470d,black-forest-labs/FLUX.1-dev,9915,False,2083960,"['diffusers', 'safetensors', 'text-to-image', 'image-generation', 'flux', 'en', 'license:other', 'endpoints_compatible', 'diffusers:FluxPipeline', 'region:us']",text-to-image,diffusers,2024-07-31T21:13:44.000Z,black-forest-labs/FLUX.1-dev
6300e0f58a4db6e9052953a8,CompVis/stable-diffusion-v1-4,6773,False,1287666,"['diffusers', 'safetensors', 'stable-diffusion', 'stable-diffusion-diffusers', 'text-to-image', 'arxiv:2207.12598', 'arxiv:2112.10752', 'arxiv:2103.00020', 'arxiv:2205.11487', 'arxiv:1910.09700', 'license:creativeml-openrail-m', 'autotrain_compatible', 'endpoints_compatible', 'diffusers:StableDiffusionPipeline', 'region:us']",text-to-image,diffusers,2022-08-20T13:26:13.000Z,CompVis/stable-diffusion-v1-4
64bfcd5ff462a99a04fd1ec8,stabilityai/stable-diffusion-xl-base-1.0,6516,False,2454614,"['diffusers', 'onnx', 'safetensors', 'text-to-image', 'stable-diffusion', 'arxiv:2307.01952', 'arxiv:2211.01324', 'arxiv:2108.01073', 'arxiv:2112.10752', 'license:openrail++', 'autotrain_compatible', 'endpoints_compatible', 'diffusers:StableDiffusionXLPipeline', 'region:us']",text-to-image,diffusers,2023-07-25T13:25:51.000Z,stabilityai/stable-diffusion-xl-base-1.0
661f97d48e7f3438386f755d,meta-llama/Meta-Llama-3-8B,6146,False,544469,"['transformers', 'safetensors', 'llama', 'text-generation', 'facebook', 'meta', 'pytorch', 'llama-3', 'en', 'license:llama3', 'autotrain_compatible', 'text-generation-inference', 'endpoints_compatible', 'region:us']",text-generation,transformers,2024-04-17T09:35:16.000Z,meta-llama/Meta-Llama-3-8B
62862fbd504d37700308a82e,bigscience/bloom,4887,False,3932,"['transformers', 'pytorch', 'tensorboard', 'safetensors', 'bloom', 'text-generation', 'ak', 'ar', 'as', 'bm', 'bn', 'ca', 'code', 'en', 'es', 'eu', 'fon', 'fr', 'gu', 'hi', 'id', 'ig', 'ki', 'kn', 'lg', 'ln', 'ml', 'mr', 'ne', 'nso', 'ny', 'or', 'pa', 'pt', 'rn', 'rw', 'sn', 'st', 'sw', 'ta', 'te', 'tn', 'ts', 'tum', 'tw', 'ur', 'vi', 'wo', 'xh', 'yo', 'zh', 'zu', 'arxiv:2211.05100', 'arxiv:1909.08053', 'arxiv:2110.02861', 'arxiv:2108.12409', 'doi:10.57967/hf/0003', 'license:bigscience-bloom-rail-1.0', 'model-index', 'co2_eq_emissions', 'autotrain_compatible', 'text-generation-inference', 'endpoints_compatible', 'region:us']",text-generation,transformers,2022-05-19T11:53:33.000Z,bigscience/bloom
66582ce552e752b1a72b985d,stabilityai/stable-diffusion-3-medium,4758,False,16022,"['diffusion-single-file', 'text-to-image', 'stable-diffusion', 'en', 'arxiv:2403.03206', 'license:other', 'region:us']",text-to-image,diffusion-single-file,2024-05-30T07:38:13.000Z,stabilityai/stable-diffusion-3-medium
657607b0a90ae2daaef65917,mistralai/Mixtral-8x7B-Instruct-v0.1,4386,False,511482,"['transformers', 'safetensors', 'mixtral', 'text-generation', 'conversational', 'fr', 'it', 'de', 'es', 'en', 'base_model:mistralai/Mixtral-8x7B-v0.1', 'base_model:finetune:mistralai/Mixtral-8x7B-v0.1', 'license:apache-2.0', 'autotrain_compatible', 'text-generation-inference', 'endpoints_compatible', 'region:us']",text-generation,transformers,2023-12-10T18:47:12.000Z,mistralai/Mixtral-8x7B-Instruct-v0.1
64b02a230c8415cd4a159fff,meta-llama/Llama-2-7b-chat-hf,4381,False,1186755,"['transformers', 'pytorch', 'safetensors', 'llama', 'text-generation', 'facebook', 'meta', 'llama-2', 'conversational', 'en', 'arxiv:2307.09288', 'license:llama2', 'autotrain_compatible', 'text-generation-inference', 'endpoints_compatible', 'region:us']",text-generation,transformers,2023-07-13T16:45:23.000Z,meta-llama/Llama-2-7b-chat-hf
64aa630b73790912c790894e,meta-llama/Llama-2-7b,4312,False,0,"['facebook', 'meta', 'pytorch', 'llama', 'llama-2', 'text-generation', 'en', 'arxiv:2307.09288', 'license:llama2', 'region:us']",text-generation,,2023-07-09T07:34:35.000Z,meta-llama/Llama-2-7b
654a84cadff2f49007ce6c37,openai/whisper-large-v3,4299,False,4830765,"['transformers', 'pytorch', 'jax', 'safetensors', 'whisper', 'automatic-speech-recognition', 'audio', 'hf-asr-leaderboard', 'en', 'zh', 'de', 'es', 'ru', 'ko', 'fr', 'ja', 'pt', 'tr', 'pl', 'ca', 'nl', 'ar', 'sv', 'it', 'id', 'hi', 'fi', 'vi', 'he', 'uk', 'el', 'ms', 'cs', 'ro', 'da', 'hu', 'ta', 'no', 'th', 'ur', 'hr', 'bg', 'lt', 'la', 'mi', 'ml', 'cy', 'sk', 'te', 'fa', 'lv', 'bn', 'sr', 'az', 'sl', 'kn', 'et', 'mk', 'br', 'eu', 'is', 'hy', 'ne', 'mn', 'bs', 'kk', 'sq', 'sw', 'gl', 'mr', 'pa', 'si', 'km', 'sn', 'yo', 'so', 'af', 'oc', 'ka', 'be', 'tg', 'sd', 'gu', 'am', 'yi', 'lo', 'uz', 'fo', 'ht', 'ps', 'tk', 'nn', 'mt', 'sa', 'lb', 'my', 'bo', 'tl', 'mg', 'as', 'tt', 'haw', 'ln', 'ha', 'ba', 'jw', 'su', 'arxiv:2212.04356', 'license:apache-2.0', 'endpoints_compatible', 'region:us']",automatic-speech-recognition,transformers,2023-11-07T18:41:14.000Z,openai/whisper-large-v3
676ca1388118866906abbd7c,hexgrad/Kokoro-82M,4088,False,1981704,"['text-to-speech', 'en', 'arxiv:2306.07691', 'arxiv:2203.02395', 'base_model:yl4579/StyleTTS2-LJSpeech', 'base_model:finetune:yl4579/StyleTTS2-LJSpeech', 'doi:10.57967/hf/4329', 'license:apache-2.0', 'region:us']",text-to-speech,,2024-12-26T00:20:08.000Z,hexgrad/Kokoro-82M
638f7ae36c25af4071044105,stabilityai/stable-diffusion-2-1,3962,False,951206,"['diffusers', 'safetensors', 'stable-diffusion', 'text-to-image', 'arxiv:2112.10752', 'arxiv:2202.00512', 'arxiv:1910.09700', 'license:openrail++', 'autotrain_compatible', 'endpoints_compatible', 'diffusers:StableDiffusionPipeline', 'region:us']",text-to-image,diffusers,2022-12-06T17:24:51.000Z,stabilityai/stable-diffusion-2-1
661f97d0b00f5f1f620c4f25,meta-llama/Meta-Llama-3-8B-Instruct,3925,False,1065429,"['transformers', 'safetensors', 'llama', 'text-generation', 'facebook', 'meta', 'pytorch', 'llama-3', 'conversational', 'en', 'license:llama3', 'autotrain_compatible', 'text-generation-inference', 'endpoints_compatible', 'region:us']",text-generation,transformers,2024-04-17T09:35:12.000Z,meta-llama/Meta-Llama-3-8B-Instruct
6698d8a0653e4babe21e1e7d,meta-llama/Llama-3.1-8B-Instruct,3872,False,6064527,"['transformers', 'safetensors', 'llama', 'text-generation', 'facebook', 'meta', 'pytorch', 'llama-3', 'conversational', 'en', 'de', 'fr', 'it', 'pt', 'hi', 'es', 'th', 'arxiv:2204.05149', 'base_model:meta-llama/Llama-3.1-8B', 'base_model:finetune:meta-llama/Llama-3.1-8B', 'license:llama3.1', 'autotrain_compatible', 'text-generation-inference', 'endpoints_compatible', 'region:us']",text-generation,transformers,2024-07-18T08:56:00.000Z,meta-llama/Llama-3.1-8B-Instruct
638cac3a61eb5101751a23c4,WarriorMama777/OrangeMixs,3826,False,1794,"['diffusers', 'stable-diffusion', 'text-to-image', 'dataset:Nerfgun3/bad_prompt', 'license:creativeml-openrail-m', 'autotrain_compatible', 'endpoints_compatible', 'diffusers:StableDiffusionPipeline', 'region:us']",text-to-image,diffusers,2022-12-04T14:18:34.000Z,WarriorMama777/OrangeMixs
676c000762cee1f3abc3ed5f,deepseek-ai/DeepSeek-V3,3816,False,775641,"['transformers', 'safetensors', 'deepseek_v3', 'text-generation', 'conversational', 'custom_code', 'arxiv:2412.19437', 'autotrain_compatible', 'endpoints_compatible', 'fp8', 'region:us']",text-generation,transformers,2024-12-25T12:52:23.000Z,deepseek-ai/DeepSeek-V3
6437337f535846fc73640937,lllyasviel/ControlNet-v1-1,3804,False,0,"['license:openrail', 'region:us']",,,2023-04-12T22:41:03.000Z,lllyasviel/ControlNet-v1-1
650aedb6238a644cb93a52c3,mistralai/Mistral-7B-v0.1,3744,False,827187,"['transformers', 'pytorch', 'safetensors', 'mistral', 'text-generation', 'pretrained', 'en', 'arxiv:2310.06825', 'license:apache-2.0', 'autotrain_compatible', 'text-generation-inference', 'endpoints_compatible', 'region:us']",text-generation,transformers,2023-09-20T13:03:50.000Z,mistralai/Mistral-7B-v0.1
63e3ef298de575a15a63c2b1,lllyasviel/ControlNet,3695,False,0,"['license:openrail', 'region:us']",,,2023-02-08T18:51:21.000Z,lllyasviel/ControlNet
66aa974d1f83b210ae7f74ae,black-forest-labs/FLUX.1-schnell,3683,False,827319,"['diffusers', 'safetensors', 'text-to-image', 'image-generation', 'flux', 'en', 'license:apache-2.0', 'endpoints_compatible', 'diffusers:FluxPipeline', 'region:us']",text-to-image,diffusers,2024-07-31T19:58:05.000Z,black-forest-labs/FLUX.1-schnell
6796251e22990ae89b1f60f1,deepseek-ai/Janus-Pro-7B,3344,False,235631,"['transformers', 'pytorch', 'multi_modality', 'muiltimodal', 'text-to-image', 'unified-model', 'any-to-any', 'arxiv:2501.17811', 'license:mit', 'endpoints_compatible', 'region:us']",any-to-any,transformers,2025-01-26T12:05:50.000Z,deepseek-ai/Janus-Pro-7B
657a1fff16886e681230c05a,microsoft/phi-2,3314,False,885255,"['transformers', 'safetensors', 'phi', 'text-generation', 'nlp', 'code', 'en', 'license:mit', 'autotrain_compatible', 'text-generation-inference', 'endpoints_compatible', 'region:us']",text-generation,transformers,2023-12-13T21:19:59.000Z,microsoft/phi-2
621ffdc136468d709f180294,sentence-transformers/all-MiniLM-L6-v2,3288,False,84511929,"['sentence-transformers', 'pytorch', 'tf', 'rust', 'onnx', 'safetensors', 'openvino', 'bert', 'feature-extraction', 'sentence-similarity', 'transformers', 'en', 'dataset:s2orc', 'dataset:flax-sentence-embeddings/stackexchange_xml', 'dataset:ms_marco', 'dataset:gooaq', 'dataset:yahoo_answers_topics', 'dataset:code_search_net', 'dataset:search_qa', 'dataset:eli5', 'dataset:snli', 'dataset:multi_nli', 'dataset:wikihow', 'dataset:natural_questions', 'dataset:trivia_qa', 'dataset:embedding-data/sentence-compression', 'dataset:embedding-data/flickr30k-captions', 'dataset:embedding-data/altlex', 'dataset:embedding-data/simple-wiki', 'dataset:embedding-data/QQP', 'dataset:embedding-data/SPECTER', 'dataset:embedding-data/PAQ_pairs', 'dataset:embedding-data/WikiAnswers', 'arxiv:1904.06472', 'arxiv:2102.07033', 'arxiv:2104.08727', 'arxiv:1704.05179', 'arxiv:1810.09305', 'license:apache-2.0', 'autotrain_compatible', 'text-embeddings-inference', 'endpoints_compatible', 'region:us']",sentence-similarity,sentence-transformers,2022-03-02T23:29:05.000Z,sentence-transformers/all-MiniLM-L6-v2
65c5577b1080431ea9e083cd,google/gemma-7b,3155,False,56148,"['transformers', 'safetensors', 'gguf', 'gemma', 'text-generation', 'arxiv:2305.14314', 'arxiv:2312.11805', 'arxiv:2009.03300', 'arxiv:1905.07830', 'arxiv:1911.11641', 'arxiv:1904.09728', 'arxiv:1905.10044', 'arxiv:1907.10641', 'arxiv:1811.00937', 'arxiv:1809.02789', 'arxiv:1911.01547', 'arxiv:1705.03551', 'arxiv:2107.03374', 'arxiv:2108.07732', 'arxiv:2110.14168', 'arxiv:2304.06364', 'arxiv:2206.04615', 'arxiv:1804.06876', 'arxiv:2110.08193', 'arxiv:2009.11462', 'arxiv:2101.11718', 'arxiv:1804.09301', 'arxiv:2109.07958', 'arxiv:2203.09509', 'license:gemma', 'autotrain_compatible', 'text-generation-inference', 'endpoints_compatible', 'region:us']",text-generation,transformers,2024-02-08T22:36:43.000Z,google/gemma-7b
636a251a2ca1d75cb49109ee,prompthero/openjourney,3128,False,20294,"['diffusers', 'safetensors', 'stable-diffusion', 'text-to-image', 'en', 'license:creativeml-openrail-m', 'autotrain_compatible', 'endpoints_compatible', 'diffusers:StableDiffusionPipeline', 'region:us']",text-to-image,diffusers,2022-11-08T09:44:58.000Z,prompthero/openjourney
655befb36d02c2b1a9284bf0,stabilityai/stable-video-diffusion-img2vid-xt,3014,False,209896,"['diffusers', 'safetensors', 'image-to-video', 'license:other', 'diffusers:StableVideoDiffusionPipeline', 'region:us']",image-to-video,diffusers,2023-11-20T23:45:55.000Z,stabilityai/stable-video-diffusion-img2vid-xt
644677e41173e85ac7f10745,bigcode/starcoder,2873,False,11168,"['transformers', 'pytorch', 'safetensors', 'gpt_bigcode', 'text-generation', 'code', 'dataset:bigcode/the-stack-dedup', 'arxiv:1911.02150', 'arxiv:2205.14135', 'arxiv:2207.14255', 'arxiv:2305.06161', 'license:bigcode-openrail-m', 'model-index', 'autotrain_compatible', 'text-generation-inference', 'endpoints_compatible', 'region:us']",text-generation,transformers,2023-04-24T12:36:52.000Z,bigcode/starcoder
640f4f1409c94e1d9bca3ffc,THUDM/chatglm-6b,2854,False,4274,"['transformers', 'pytorch', 'chatglm', 'glm', 'thudm', 'custom_code', 'zh', 'en', 'arxiv:2103.10360', 'arxiv:2210.02414', 'arxiv:2406.12793', 'endpoints_compatible', 'region:us']",,transformers,2023-03-13T16:28:04.000Z,THUDM/chatglm-6b
63009e8b79c5ddbc6cf69877,CompVis/stable-diffusion-v-1-4-original,2790,False,0,"['stable-diffusion', 'text-to-image', 'arxiv:2207.12598', 'arxiv:2112.10752', 'arxiv:2103.00020', 'arxiv:2205.11487', 'arxiv:1910.09700', 'license:creativeml-openrail-m', 'region:us']",text-to-image,stable-diffusion,2022-08-20T08:42:51.000Z,CompVis/stable-diffusion-v-1-4-original
65770c3426ef61bbf101d4da,mistralai/Mistral-7B-Instruct-v0.2,2725,False,1410451,"['transformers', 'pytorch', 'safetensors', 'mistral', 'text-generation', 'finetuned', 'conversational', 'arxiv:2310.06825', 'license:apache-2.0', 'autotrain_compatible', 'text-generation-inference', 'endpoints_compatible', 'region:us']",text-generation,transformers,2023-12-11T13:18:44.000Z,mistralai/Mistral-7B-Instruct-v0.2
67e125b6c185423c1e404364,deepseek-ai/DeepSeek-V3-0324,2717,False,248575,"['transformers', 'safetensors', 'deepseek_v3', 'text-generation', 'conversational', 'custom_code', 'arxiv:2412.19437', 'license:mit', 'autotrain_compatible', 'endpoints_compatible', 'fp8', 'region:us']",text-generation,transformers,2025-03-24T09:28:22.000Z,deepseek-ai/DeepSeek-V3-0324
67c85cdbebd06f51d80ca1c7,Qwen/QwQ-32B,2704,False,672560,"['transformers', 'safetensors', 'qwen2', 'text-generation', 'chat', 'conversational', 'en', 'arxiv:2309.00071', 'arxiv:2412.15115', 'base_model:Qwen/Qwen2.5-32B', 'base_model:finetune:Qwen/Qwen2.5-32B', 'license:apache-2.0', 'autotrain_compatible', 'text-generation-inference', 'endpoints_compatible', 'region:us']",text-generation,transformers,2025-03-05T14:16:59.000Z,Qwen/QwQ-32B
67175475ab870480b86e7caa,stabilityai/stable-diffusion-3.5-large,2697,False,135671,"['diffusers', 'safetensors', 'text-to-image', 'stable-diffusion', 'en', 'arxiv:2403.03206', 'license:other', 'diffusers:StableDiffusion3Pipeline', 'region:us']",text-to-image,diffusers,2024-10-22T07:29:57.000Z,stabilityai/stable-diffusion-3.5-large
621ffdc036468d709f17434d,openai-community/gpt2,2681,False,12467832,"['transformers', 'pytorch', 'tf', 'jax', 'tflite', 'rust', 'onnx', 'safetensors', 'gpt2', 'text-generation', 'exbert', 'en', 'doi:10.57967/hf/0039', 'license:mit', 'autotrain_compatible', 'text-generation-inference', 'endpoints_compatible', 'region:us']",text-generation,transformers,2022-03-02T23:29:04.000Z,openai-community/gpt2
6540d2d50cb8e9d8e63a1e1f,coqui/XTTS-v2,2612,False,1890811,"['coqui', 'text-to-speech', 'license:other', 'region:us']",text-to-speech,coqui,2023-10-31T10:11:33.000Z,coqui/XTTS-v2
630d75d18e3ff0c723329fc2,hakurei/waifu-diffusion,2431,False,6673,"['diffusers', 'safetensors', 'stable-diffusion', 'text-to-image', 'en', 'license:creativeml-openrail-m', 'autotrain_compatible', 'endpoints_compatible', 'diffusers:StableDiffusionPipeline', 'region:us']",text-to-image,diffusers,2022-08-30T02:28:33.000Z,hakurei/waifu-diffusion
646dfe3e40e741b1913a1ba4,tiiuae/falcon-40b,2428,False,140546,"['transformers', 'pytorch', 'safetensors', 'falcon', 'text-generation', 'custom_code', 'en', 'de', 'es', 'fr', 'dataset:tiiuae/falcon-refinedweb', 'arxiv:2205.14135', 'arxiv:1911.02150', 'arxiv:2101.00027', 'arxiv:2005.14165', 'arxiv:2104.09864', 'arxiv:2306.01116', 'license:apache-2.0', 'autotrain_compatible', 'text-generation-inference', 'region:us']",text-generation,transformers,2023-05-24T12:08:30.000Z,tiiuae/falcon-40b
6564b36f4eb2f55240230f48,stabilityai/sdxl-turbo,2382,False,263605,"['diffusers', 'onnx', 'safetensors', 'text-to-image', 'license:other', 'autotrain_compatible', 'diffusers:StableDiffusionXLPipeline', 'region:us']",text-to-image,diffusers,2023-11-27T15:19:11.000Z,stabilityai/sdxl-turbo
66fba7309482f97131bf08d6,openai/whisper-large-v3-turbo,2303,False,3885691,"['transformers', 'safetensors', 'whisper', 'automatic-speech-recognition', 'audio', 'en', 'zh', 'de', 'es', 'ru', 'ko', 'fr', 'ja', 'pt', 'tr', 'pl', 'ca', 'nl', 'ar', 'sv', 'it', 'id', 'hi', 'fi', 'vi', 'he', 'uk', 'el', 'ms', 'cs', 'ro', 'da', 'hu', 'ta', 'no', 'th', 'ur', 'hr', 'bg', 'lt', 'la', 'mi', 'ml', 'cy', 'sk', 'te', 'fa', 'lv', 'bn', 'sr', 'az', 'sl', 'kn', 'et', 'mk', 'br', 'eu', 'is', 'hy', 'ne', 'mn', 'bs', 'kk', 'sq', 'sw', 'gl', 'mr', 'pa', 'si', 'km', 'sn', 'yo', 'so', 'af', 'oc', 'ka', 'be', 'tg', 'sd', 'gu', 'am', 'yi', 'lo', 'uz', 'fo', 'ht', 'ps', 'tk', 'nn', 'mt', 'sa', 'lb', 'my', 'bo', 'tl', 'mg', 'as', 'tt', 'haw', 'ln', 'ha', 'ba', 'jw', 'su', 'arxiv:2212.04356', 'base_model:openai/whisper-large-v3', 'base_model:finetune:openai/whisper-large-v3', 'license:mit', 'endpoints_compatible', 'region:us']",automatic-speech-recognition,transformers,2024-10-01T07:39:28.000Z,openai/whisper-large-v3-turbo
65f683e9df29f02c6da01279,xai-org/grok-1,2298,False,298,"['grok', 'grok-1', 'text-generation', 'license:apache-2.0', 'region:us']",text-generation,grok,2024-03-17T05:47:21.000Z,xai-org/grok-1
6745f28f9333dfcc06268b1e,meta-llama/Llama-3.3-70B-Instruct,2271,False,1069013,"['transformers', 'safetensors', 'llama', 'text-generation', 'facebook', 'meta', 'pytorch', 'llama-3', 'conversational', 'en', 'fr', 'it', 'pt', 'hi', 'es', 'th', 'de', 'arxiv:2204.05149', 'base_model:meta-llama/Llama-3.1-70B', 'base_model:finetune:meta-llama/Llama-3.1-70B', 'license:llama3.3', 'autotrain_compatible', 'text-generation-inference', 'endpoints_compatible', 'region:us']",text-generation,transformers,2024-11-26T16:08:47.000Z,meta-llama/Llama-3.3-70B-Instruct
67b3d091b9895fea7fe29e42,perplexity-ai/r1-1776,2237,False,8649,"['transformers', 'safetensors', 'deepseek_v3', 'text-generation', 'conversational', 'custom_code', 'base_model:deepseek-ai/DeepSeek-R1', 'base_model:finetune:deepseek-ai/DeepSeek-R1', 'license:mit', 'autotrain_compatible', 'endpoints_compatible', 'region:us']",text-generation,transformers,2025-02-18T00:13:05.000Z,perplexity-ai/r1-1776
621ffdc036468d709f174338,google-bert/bert-base-uncased,2233,False,67669700,"['transformers', 'pytorch', 'tf', 'jax', 'rust', 'coreml', 'onnx', 'safetensors', 'bert', 'fill-mask', 'exbert', 'en', 'dataset:bookcorpus', 'dataset:wikipedia', 'arxiv:1810.04805', 'license:apache-2.0', 'autotrain_compatible', 'endpoints_compatible', 'region:us']",fill-mask,transformers,2022-03-02T23:29:04.000Z,google-bert/bert-base-uncased
64b18d9f3aecf08f78ec75f3,meta-llama/Llama-2-70b-chat-hf,2183,False,32823,"['transformers', 'pytorch', 'safetensors', 'llama', 'text-generation', 'facebook', 'meta', 'llama-2', 'conversational', 'en', 'arxiv:2307.09288', 'license:llama2', 'autotrain_compatible', 'text-generation-inference', 'endpoints_compatible', 'region:us']",text-generation,transformers,2023-07-14T18:02:07.000Z,meta-llama/Llama-2-70b-chat-hf
64971933a9c42bc6a848d3f4,THUDM/chatglm2-6b,2050,False,728423,"['transformers', 'pytorch', 'chatglm', 'glm', 'thudm', 'custom_code', 'zh', 'en', 'arxiv:2103.10360', 'arxiv:2210.02414', 'arxiv:1911.02150', 'arxiv:2406.12793', 'endpoints_compatible', 'region:us']",,transformers,2023-06-24T16:26:27.000Z,THUDM/chatglm2-6b
64b0234d53bd91402e6ad49c,meta-llama/Llama-2-7b-hf,2033,False,921254,"['transformers', 'pytorch', 'safetensors', 'llama', 'text-generation', 'facebook', 'meta', 'llama-2', 'en', 'arxiv:2307.09288', 'license:llama2', 'autotrain_compatible', 'text-generation-inference', 'endpoints_compatible', 'region:us']",text-generation,transformers,2023-07-13T16:16:13.000Z,meta-llama/Llama-2-7b-hf
6709e0d9bb2498474f4e8ee2,nvidia/Llama-3.1-Nemotron-70B-Instruct-HF,2033,False,29979,"['transformers', 'safetensors', 'llama', 'text-generation', 'nvidia', 'llama3.1', 'conversational', 'en', 'dataset:nvidia/HelpSteer2', 'arxiv:2410.01257', 'arxiv:2405.01481', 'arxiv:2406.08673', 'base_model:meta-llama/Llama-3.1-70B-Instruct', 'base_model:finetune:meta-llama/Llama-3.1-70B-Instruct', 'license:llama3.1', 'autotrain_compatible', 'text-generation-inference', 'region:us']",text-generation,transformers,2024-10-12T02:37:13.000Z,nvidia/Llama-3.1-Nemotron-70B-Instruct-HF
65d505951e2597ff935d1be2,ByteDance/SDXL-Lightning,2015,False,83326,"['diffusers', 'text-to-image', 'stable-diffusion', 'arxiv:2402.13929', 'license:openrail++', 'region:us']",text-to-image,diffusers,2024-02-20T20:03:33.000Z,ByteDance/SDXL-Lightning
67597bd1b9cdca50cb621f94,microsoft/phi-4,2002,False,423522,"['transformers', 'safetensors', 'phi3', 'text-generation', 'phi', 'nlp', 'math', 'code', 'chat', 'conversational', 'en', 'arxiv:2412.08905', 'license:mit', 'autotrain_compatible', 'text-generation-inference', 'endpoints_compatible', 'region:us']",text-generation,transformers,2024-12-11T11:47:29.000Z,microsoft/phi-4
65b53851e602b6c2c96e78da,BAAI/bge-m3,1987,False,3529172,"['sentence-transformers', 'pytorch', 'onnx', 'xlm-roberta', 'feature-extraction', 'sentence-similarity', 'arxiv:2402.03216', 'arxiv:2004.04906', 'arxiv:2106.14807', 'arxiv:2107.05720', 'arxiv:2004.12832', 'license:mit', 'autotrain_compatible', 'text-embeddings-inference', 'endpoints_compatible', 'region:us']",sentence-similarity,sentence-transformers,2024-01-27T17:07:29.000Z,BAAI/bge-m3
64ed938a685746556dd540c9,lllyasviel/sd_control_collection,1960,False,0,['region:us'],,,2023-08-29T06:43:22.000Z,lllyasviel/sd_control_collection
6435868e57c3f4b161f4fb13,databricks/dolly-v2-12b,1955,False,3632,"['transformers', 'pytorch', 'gpt_neox', 'text-generation', 'en', 'dataset:databricks/databricks-dolly-15k', 'license:mit', 'autotrain_compatible', 'text-generation-inference', 'region:us']",text-generation,transformers,2023-04-11T16:10:54.000Z,databricks/dolly-v2-12b
67c9c10d54d811c24a021731,sesame/csm-1b,1918,False,88876,"['safetensors', 'model_hub_mixin', 'pytorch_model_hub_mixin', 'text-to-speech', 'en', 'license:apache-2.0', 'region:us']",text-to-speech,,2025-03-06T15:36:45.000Z,sesame/csm-1b
64c0cd59200a5155968dea57,stabilityai/stable-diffusion-xl-refiner-1.0,1876,False,1216505,"['diffusers', 'safetensors', 'stable-diffusion', 'image-to-image', 'arxiv:2307.01952', 'arxiv:2211.01324', 'arxiv:2108.01073', 'arxiv:2112.10752', 'license:openrail++', 'diffusers:StableDiffusionXLImg2ImgPipeline', 'region:us']",image-to-image,diffusers,2023-07-26T07:38:01.000Z,stabilityai/stable-diffusion-xl-refiner-1.0
637e09faaa60aba6d5a38fdc,stabilityai/stable-diffusion-2,1875,False,258134,"['diffusers', 'safetensors', 'stable-diffusion', 'text-to-image', 'arxiv:2202.00512', 'arxiv:2112.10752', 'arxiv:1910.09700', 'license:openrail++', 'autotrain_compatible', 'endpoints_compatible', 'diffusers:StableDiffusionPipeline', 'region:us']",text-to-image,diffusers,2022-11-23T11:54:34.000Z,stabilityai/stable-diffusion-2
66eaebb25fcdca258b9576cb,meta-llama/Llama-3.2-1B,1852,False,2056987,"['transformers', 'safetensors', 'llama', 'text-generation', 'facebook', 'meta', 'pytorch', 'llama-3', 'en', 'de', 'fr', 'it', 'pt', 'hi', 'es', 'th', 'arxiv:2204.05149', 'arxiv:2405.16406', 'license:llama3.2', 'autotrain_compatible', 'text-generation-inference', 'endpoints_compatible', 'region:us']",text-generation,transformers,2024-09-18T15:03:14.000Z,meta-llama/Llama-3.2-1B
674bfb827d6748def2e80ef9,tencent/HunyuanVideo,1826,False,2424,"['text-to-video', 'arxiv:2412.03603', 'arxiv:2405.07719', 'license:other', 'region:us']",text-to-video,,2024-12-01T06:00:34.000Z,tencent/HunyuanVideo
672b1f9e956e6880fdb8c1e5,Qwen/Qwen2.5-Coder-32B-Instruct,1794,False,380586,"['transformers', 'safetensors', 'qwen2', 'text-generation', 'code', 'codeqwen', 'chat', 'qwen', 'qwen-coder', 'conversational', 'en', 'arxiv:2409.12186', 'arxiv:2309.00071', 'arxiv:2407.10671', 'base_model:Qwen/Qwen2.5-Coder-32B', 'base_model:finetune:Qwen/Qwen2.5-Coder-32B', 'license:apache-2.0', 'autotrain_compatible', 'text-generation-inference', 'endpoints_compatible', 'region:us']",text-generation,transformers,2024-11-06T07:49:50.000Z,Qwen/Qwen2.5-Coder-32B-Instruct
6578ba0332150025acca8494,briaai/RMBG-1.4,1765,False,933139,"['transformers', 'pytorch', 'onnx', 'safetensors', 'SegformerForSemanticSegmentation', 'image-segmentation', 'remove background', 'background', 'background-removal', 'Pytorch', 'vision', 'legal liability', 'transformers.js', 'custom_code', 'license:other', 'region:us']",image-segmentation,transformers,2023-12-12T19:52:35.000Z,briaai/RMBG-1.4
67473fdfe77182ac96417565,Qwen/QwQ-32B-Preview,1727,False,201866,"['transformers', 'safetensors', 'qwen2', 'text-generation', 'chat', 'conversational', 'en', 'arxiv:2407.10671', 'base_model:Qwen/Qwen2.5-32B-Instruct', 'base_model:finetune:Qwen/Qwen2.5-32B-Instruct', 'license:apache-2.0', 'autotrain_compatible', 'text-generation-inference', 'endpoints_compatible', 'region:us']",text-generation,transformers,2024-11-27T15:50:55.000Z,Qwen/QwQ-32B-Preview
638e3b8c629b4d0a62cd6dcc,openai/whisper-large-v2,1722,False,182835,"['transformers', 'pytorch', 'tf', 'jax', 'safetensors', 'whisper', 'automatic-speech-recognition', 'audio', 'hf-asr-leaderboard', 'en', 'zh', 'de', 'es', 'ru', 'ko', 'fr', 'ja', 'pt', 'tr', 'pl', 'ca', 'nl', 'ar', 'sv', 'it', 'id', 'hi', 'fi', 'vi', 'he', 'uk', 'el', 'ms', 'cs', 'ro', 'da', 'hu', 'ta', 'no', 'th', 'ur', 'hr', 'bg', 'lt', 'la', 'mi', 'ml', 'cy', 'sk', 'te', 'fa', 'lv', 'bn', 'sr', 'az', 'sl', 'kn', 'et', 'mk', 'br', 'eu', 'is', 'hy', 'ne', 'mn', 'bs', 'kk', 'sq', 'sw', 'gl', 'mr', 'pa', 'si', 'km', 'sn', 'yo', 'so', 'af', 'oc', 'ka', 'be', 'tg', 'sd', 'gu', 'am', 'yi', 'lo', 'uz', 'fo', 'ht', 'ps', 'tk', 'nn', 'mt', 'sa', 'lb', 'my', 'bo', 'tl', 'mg', 'as', 'tt', 'haw', 'ln', 'ha', 'ba', 'jw', 'su', 'arxiv:2212.04356', 'license:apache-2.0', 'endpoints_compatible', 'region:us']",automatic-speech-recognition,transformers,2022-12-05T18:42:20.000Z,openai/whisper-large-v2
660d592839e32b059e43b3fa,CohereLabs/c4ai-command-r-plus,1719,False,7922,"['transformers', 'safetensors', 'cohere', 'text-generation', 'conversational', 'en', 'fr', 'de', 'es', 'it', 'pt', 'ja', 'ko', 'zh', 'ar', 'doi:10.57967/hf/3138', 'license:cc-by-nc-4.0', 'autotrain_compatible', 'text-generation-inference', 'region:us']",text-generation,transformers,2024-04-03T13:27:04.000Z,CohereLabs/c4ai-command-r-plus
66d9f89eec009ab887743099,mattshumer/Reflection-Llama-3.1-70B,1713,False,150,"['transformers', 'safetensors', 'llama', 'text-generation', 'conversational', 'base_model:meta-llama/Llama-3.1-70B-Instruct', 'base_model:finetune:meta-llama/Llama-3.1-70B-Instruct', 'license:llama3.1', 'autotrain_compatible', 'text-generation-inference', 'endpoints_compatible', 'region:us']",text-generation,transformers,2024-09-05T18:29:50.000Z,mattshumer/Reflection-Llama-3.1-70B
621ffdc136468d709f17ea63,openai/clip-vit-large-patch14,1707,False,53723119,"['transformers', 'pytorch', 'tf', 'jax', 'safetensors', 'clip', 'zero-shot-image-classification', 'vision', 'arxiv:2103.00020', 'arxiv:1908.04913', 'endpoints_compatible', 'region:us']",zero-shot-image-classification,transformers,2022-03-02T23:29:05.000Z,openai/clip-vit-large-patch14
6569aa681d7c2ca7b7bfcc80,mistralai/Mixtral-8x7B-v0.1,1707,False,47336,"['transformers', 'safetensors', 'mixtral', 'text-generation', 'moe', 'fr', 'it', 'de', 'es', 'en', 'license:apache-2.0', 'autotrain_compatible', 'text-generation-inference', 'endpoints_compatible', 'region:us']",text-generation,transformers,2023-12-01T09:42:00.000Z,mistralai/Mixtral-8x7B-v0.1
63b4ec14f468cca7589f4de9,dreamlike-art/dreamlike-photoreal-2.0,1702,False,26874,"['diffusers', 'safetensors', 'stable-diffusion', 'stable-diffusion-diffusers', 'text-to-image', 'photorealistic', 'photoreal', 'en', 'license:other', 'autotrain_compatible', 'diffusers:StableDiffusionPipeline', 'region:us']",text-to-image,diffusers,2023-01-04T03:01:40.000Z,dreamlike-art/dreamlike-photoreal-2.0
65825c521c4454dde6d57d3a,h94/IP-Adapter-FaceID,1693,False,310637,"['diffusers', 'text-to-image', 'stable-diffusion', 'en', 'arxiv:2308.06721', 'region:us']",text-to-image,diffusers,2023-12-20T03:15:30.000Z,h94/IP-Adapter-FaceID
653a4cbd66081db6fc588b21,HuggingFaceH4/zephyr-7b-beta,1691,False,600951,"['transformers', 'pytorch', 'safetensors', 'mistral', 'text-generation', 'generated_from_trainer', 'conversational', 'en', 'dataset:HuggingFaceH4/ultrachat_200k', 'dataset:HuggingFaceH4/ultrafeedback_binarized', 'arxiv:2305.18290', 'arxiv:2310.16944', 'arxiv:2305.14233', 'arxiv:2310.01377', 'base_model:mistralai/Mistral-7B-v0.1', 'base_model:finetune:mistralai/Mistral-7B-v0.1', 'license:mit', 'model-index', 'autotrain_compatible', 'text-generation-inference', 'endpoints_compatible', 'region:us']",text-generation,transformers,2023-10-26T11:25:49.000Z,HuggingFaceH4/zephyr-7b-beta
67046f77aa68703cb1d7fed9,microsoft/OmniParser,1660,False,829,"['transformers', 'safetensors', 'blip-2', 'visual-question-answering', 'image-text-to-text', 'arxiv:2408.00203', 'license:mit', 'endpoints_compatible', 'region:us']",image-text-to-text,transformers,2024-10-07T23:32:07.000Z,microsoft/OmniParser
65143cd8e31c0e2e3df713e5,mistralai/Mistral-7B-Instruct-v0.1,1648,False,420363,"['transformers', 'pytorch', 'safetensors', 'mistral', 'text-generation', 'finetuned', 'conversational', 'arxiv:2310.06825', 'base_model:mistralai/Mistral-7B-v0.1', 'base_model:finetune:mistralai/Mistral-7B-v0.1', 'license:apache-2.0', 'autotrain_compatible', 'text-generation-inference', 'endpoints_compatible', 'region:us']",text-generation,transformers,2023-09-27T14:31:52.000Z,mistralai/Mistral-7B-Instruct-v0.1
664dc170474f2283fa5c8659,mistralai/Mistral-7B-Instruct-v0.3,1638,False,728541,"['transformers', 'safetensors', 'mistral', 'text-generation', 'conversational', 'base_model:mistralai/Mistral-7B-v0.3', 'base_model:finetune:mistralai/Mistral-7B-v0.3', 'license:apache-2.0', 'autotrain_compatible', 'text-generation-inference', 'endpoints_compatible', 'region:us']",text-generation,transformers,2024-05-22T09:57:04.000Z,mistralai/Mistral-7B-Instruct-v0.3
66268fafb1ca2e1fed19a528,microsoft/Phi-3-mini-128k-instruct,1636,False,424748,"['transformers', 'safetensors', 'phi3', 'text-generation', 'nlp', 'code', 'conversational', 'custom_code', 'en', 'license:mit', 'autotrain_compatible', 'text-generation-inference', 'endpoints_compatible', 'region:us']",text-generation,transformers,2024-04-22T16:26:23.000Z,microsoft/Phi-3-mini-128k-instruct
676bfff64b96c8ead0a1edf0,deepseek-ai/DeepSeek-V3-Base,1634,False,8407,"['safetensors', 'deepseek_v3', 'custom_code', 'arxiv:2412.19437', 'fp8', 'region:us']",,,2024-12-25T12:52:06.000Z,deepseek-ai/DeepSeek-V3-Base
63dbc263057a688a88c29b14,gsdf/Counterfeit-V2.5,1574,False,12769,"['diffusers', 'safetensors', 'stable-diffusion', 'stable-diffusion-diffusers', 'text-to-image', 'license:creativeml-openrail-m', 'autotrain_compatible', 'endpoints_compatible', 'diffusers:StableDiffusionPipeline', 'region:us']",text-to-image,diffusers,2023-02-02T14:02:11.000Z,gsdf/Counterfeit-V2.5
66944f1fe0c5c2e493a804f5,meta-llama/Llama-3.1-8B,1570,False,1011839,"['transformers', 'safetensors', 'llama', 'text-generation', 'facebook', 'meta', 'pytorch', 'llama-3', 'en', 'de', 'fr', 'it', 'pt', 'hi', 'es', 'th', 'arxiv:2204.05149', 'license:llama3.1', 'autotrain_compatible', 'text-generation-inference', 'endpoints_compatible', 'region:us']",text-generation,transformers,2024-07-14T22:20:15.000Z,meta-llama/Llama-3.1-8B
6651802a815d7642d5aaef56,2Noise/ChatTTS,1551,False,2886,"['chat_tts', 'safetensors', 'text-to-audio', 'license:cc-by-nc-4.0', 'region:us']",text-to-audio,chat_tts,2024-05-25T06:07:38.000Z,2Noise/ChatTTS
666ce1af091b7c8e3f9aae7d,microsoft/Florence-2-large,1525,False,714621,"['transformers', 'pytorch', 'florence2', 'text-generation', 'vision', 'image-text-to-text', 'custom_code', 'arxiv:2311.06242', 'license:mit', 'autotrain_compatible', 'region:us']",image-text-to-text,transformers,2024-06-15T00:34:55.000Z,microsoft/Florence-2-large
6697fed91020a9a4cdcca032,mistralai/Mistral-Nemo-Instruct-2407,1511,False,119588,"['transformers', 'safetensors', 'mistral', 'text-generation', 'conversational', 'en', 'fr', 'de', 'es', 'it', 'pt', 'ru', 'zh', 'ja', 'base_model:mistralai/Mistral-Nemo-Base-2407', 'base_model:finetune:mistralai/Mistral-Nemo-Base-2407', 'license:apache-2.0', 'autotrain_compatible', 'text-generation-inference', 'endpoints_compatible', 'region:us']",text-generation,transformers,2024-07-17T17:26:49.000Z,mistralai/Mistral-Nemo-Instruct-2407
621ffdc036468d709f1753ba,EleutherAI/gpt-j-6b,1492,False,318634,"['transformers', 'pytorch', 'tf', 'jax', 'gptj', 'text-generation', 'causal-lm', 'en', 'dataset:EleutherAI/pile', 'arxiv:2104.09864', 'arxiv:2101.00027', 'license:apache-2.0', 'autotrain_compatible', 'endpoints_compatible', 'region:us']",text-generation,transformers,2022-03-02T23:29:04.000Z,EleutherAI/gpt-j-6b
661f97be9cae93c02393e8ef,meta-llama/Meta-Llama-3-70B-Instruct,1467,False,451332,"['transformers', 'safetensors', 'llama', 'text-generation', 'facebook', 'meta', 'pytorch', 'llama-3', 'conversational', 'en', 'base_model:meta-llama/Meta-Llama-3-70B', 'base_model:finetune:meta-llama/Meta-Llama-3-70B', 'license:llama3', 'autotrain_compatible', 'text-generation-inference', 'endpoints_compatible', 'region:us']",text-generation,transformers,2024-04-17T09:34:54.000Z,meta-llama/Meta-Llama-3-70B-Instruct
67de202b6599e7158f6912f4,Qwen/Qwen2.5-Omni-7B,1461,False,178988,"['transformers', 'safetensors', 'qwen2_5_omni', 'multimodal', 'any-to-any', 'en', 'arxiv:2503.20215', 'license:other', 'endpoints_compatible', 'region:us']",any-to-any,transformers,2025-03-22T02:27:55.000Z,Qwen/Qwen2.5-Omni-7B
66e310947b8ce2359ed82126,stepfun-ai/GOT-OCR2_0,1457,False,104254,"['safetensors', 'GOT', 'got', 'vision-language', 'ocr2.0', 'custom_code', 'image-text-to-text', 'multilingual', 'arxiv:2409.01704', 'arxiv:2405.14295', 'arxiv:2312.06109', 'license:apache-2.0', 'region:us']",image-text-to-text,,2024-09-12T16:02:28.000Z,stepfun-ai/GOT-OCR2_0
63ebf4a1308bd1f7fcb9ccbc,webui/ControlNet-modules-safetensors,1436,False,0,['region:us'],,,2023-02-14T20:52:49.000Z,webui/ControlNet-modules-safetensors
66202a80b6b17117b91a7a55,apple/OpenELM,1434,False,0,"['arxiv:2404.14619', 'license:other', 'region:us']",,,2024-04-17T20:01:04.000Z,apple/OpenELM
66eb042015688c55aba845ac,meta-llama/Llama-3.2-11B-Vision-Instruct,1418,False,1049107,"['transformers', 'safetensors', 'mllama', 'image-text-to-text', 'facebook', 'meta', 'pytorch', 'llama', 'llama-3', 'conversational', 'en', 'de', 'fr', 'it', 'pt', 'hi', 'es', 'th', 'arxiv:2204.05149', 'license:llama3.2', 'text-generation-inference', 'endpoints_compatible', 'region:us']",image-text-to-text,transformers,2024-09-18T16:47:28.000Z,meta-llama/Llama-3.2-11B-Vision-Instruct
668a46b4b424c825f74dcec9,xinsir/controlnet-union-sdxl-1.0,1409,False,148724,"['diffusers', 'safetensors', 'Text-to-Image', 'ControlNet', 'Diffusers', 'Stable Diffusion', 'text-to-image', 'license:apache-2.0', 'region:us']",text-to-image,diffusers,2024-07-07T07:41:40.000Z,xinsir/controlnet-union-sdxl-1.0
649706a85e85f281061ab3e3,monster-labs/control_v1p_sd15_qrcode_monster,1400,False,89187,"['diffusers', 'safetensors', 'stable-diffusion', 'controlnet', 'qrcode', 'en', 'license:openrail++', 'region:us']",,diffusers,2023-06-24T15:07:20.000Z,monster-labs/control_v1p_sd15_qrcode_monster
6490748389f22918ecaf5db1,stabilityai/stable-diffusion-xl-base-0.9,1399,False,521,"['diffusers', 'safetensors', 'text-to-image', 'stable-diffusion', 'arxiv:2108.01073', 'arxiv:2112.10752', 'arxiv:2307.01952', 'license:other', 'autotrain_compatible', 'endpoints_compatible', 'diffusers:StableDiffusionXLPipeline', 'region:us']",text-to-image,diffusers,2023-06-19T15:30:11.000Z,stabilityai/stable-diffusion-xl-base-0.9
6649c024e74442492218cf6a,openbmb/MiniCPM-Llama3-V-2_5,1394,False,31743,"['transformers', 'safetensors', 'minicpmv', 'feature-extraction', 'minicpm-v', 'vision', 'ocr', 'custom_code', 'image-text-to-text', 'conversational', 'multilingual', 'dataset:openbmb/RLAIF-V-Dataset', 'region:us']",image-text-to-text,transformers,2024-05-19T09:02:28.000Z,openbmb/MiniCPM-Llama3-V-2_5
66eaef786865fea1324edb5d,meta-llama/Llama-3.2-3B-Instruct,1372,False,1422406,"['transformers', 'safetensors', 'llama', 'text-generation', 'facebook', 'meta', 'pytorch', 'llama-3', 'conversational', 'en', 'de', 'fr', 'it', 'pt', 'hi', 'es', 'th', 'arxiv:2204.05149', 'arxiv:2405.16406', 'license:llama3.2', 'autotrain_compatible', 'text-generation-inference', 'endpoints_compatible', 'region:us']",text-generation,transformers,2024-09-18T15:19:20.000Z,meta-llama/Llama-3.2-3B-Instruct
621ffdc136468d709f17adb6,facebook/bart-large-cnn,1359,False,4037490,"['transformers', 'pytorch', 'tf', 'jax', 'rust', 'safetensors', 'bart', 'text2text-generation', 'summarization', 'en', 'dataset:cnn_dailymail', 'arxiv:1910.13461', 'license:mit', 'model-index', 'autotrain_compatible', 'endpoints_compatible', 'region:us']",summarization,transformers,2022-03-02T23:29:05.000Z,facebook/bart-large-cnn
6347df96f17980bc83f3c5b5,stabilityai/sd-vae-ft-mse-original,1359,False,1,"['stable-diffusion', 'stable-diffusion-diffusers', 'text-to-image', 'license:mit', 'region:us']",text-to-image,,2022-10-13T09:51:18.000Z,stabilityai/sd-vae-ft-mse-original
621ffdc136468d709f17adb7,facebook/bart-large-mnli,1358,False,3393338,"['transformers', 'pytorch', 'jax', 'rust', 'safetensors', 'bart', 'text-classification', 'zero-shot-classification', 'dataset:multi_nli', 'arxiv:1910.13461', 'arxiv:1909.00161', 'license:mit', 'autotrain_compatible', 'endpoints_compatible', 'region:us']",zero-shot-classification,transformers,2022-03-02T23:29:05.000Z,facebook/bart-large-mnli
678e15048143a819dd01a3c1,deepseek-ai/DeepSeek-R1-Distill-Qwen-32B,1346,False,2456452,"['transformers', 'safetensors', 'qwen2', 'text-generation', 'conversational', 'arxiv:2501.12948', 'license:mit', 'autotrain_compatible', 'text-generation-inference', 'endpoints_compatible', 'region:us']",text-generation,transformers,2025-01-20T09:19:00.000Z,deepseek-ai/DeepSeek-R1-Distill-Qwen-32B
64fd4022e0dc35986bd9d402,microsoft/phi-1_5,1328,False,111598,"['transformers', 'safetensors', 'phi', 'text-generation', 'nlp', 'code', 'en', 'arxiv:2309.05463', 'license:mit', 'autotrain_compatible', 'text-generation-inference', 'endpoints_compatible', 'region:us']",text-generation,transformers,2023-09-10T04:03:46.000Z,microsoft/phi-1_5
6447e75e3e498d669191db01,suno/bark,1317,False,35349,"['transformers', 'pytorch', 'bark', 'text-to-audio', 'audio', 'text-to-speech', 'en', 'de', 'es', 'fr', 'hi', 'it', 'ja', 'ko', 'pl', 'pt', 'ru', 'tr', 'zh', 'license:mit', 'endpoints_compatible', 'region:us']",text-to-speech,transformers,2023-04-25T14:44:46.000Z,suno/bark
67bcf3bca03bde20d15377c6,microsoft/Phi-4-multimodal-instruct,1315,False,618644,"['transformers', 'safetensors', 'phi4mm', 'text-generation', 'nlp', 'code', 'audio', 'automatic-speech-recognition', 'speech-summarization', 'speech-translation', 'visual-question-answering', 'phi-4-multimodal', 'phi', 'phi-4-mini', 'custom_code', 'multilingual', 'ar', 'zh', 'cs', 'da', 'nl', 'en', 'fi', 'fr', 'de', 'he', 'hu', 'it', 'ja', 'ko', 'no', 'pl', 'pt', 'ru', 'es', 'sv', 'th', 'tr', 'uk', 'arxiv:2503.01743', 'arxiv:2407.13833', 'license:mit', 'autotrain_compatible', 'region:us']",automatic-speech-recognition,transformers,2025-02-24T22:33:32.000Z,microsoft/Phi-4-multimodal-instruct
65c27357749cfed07445fd07,stabilityai/stable-cascade,1313,False,31254,"['diffusers', 'safetensors', 'text-to-image', 'license:other', 'diffusers:StableCascadeDecoderPipeline', 'region:us']",text-to-image,diffusers,2024-02-06T17:58:47.000Z,stabilityai/stable-cascade
639861ac02d4b462c93d29f5,Salesforce/blip-image-captioning-large,1309,False,2340830,"['transformers', 'pytorch', 'tf', 'safetensors', 'blip', 'image-text-to-text', 'image-captioning', 'image-to-text', 'arxiv:2201.12086', 'license:bsd-3-clause', 'endpoints_compatible', 'region:us']",image-to-text,transformers,2022-12-13T11:27:40.000Z,Salesforce/blip-image-captioning-large
6541f856eccc4f48dce3a705,01-ai/Yi-34B,1295,False,4387,"['transformers', 'pytorch', 'safetensors', 'llama', 'text-generation', 'arxiv:2403.04652', 'arxiv:2311.16502', 'arxiv:2401.11944', 'license:apache-2.0', 'autotrain_compatible', 'text-generation-inference', 'endpoints_compatible', 'region:us']",text-generation,transformers,2023-11-01T07:03:50.000Z,01-ai/Yi-34B
678df3695dec6df8ec20e664,tencent/Hunyuan3D-2,1252,False,539582,"['hunyuan3d-2', 'diffusers', 'safetensors', 'image-to-3d', 'text-to-3d', 'en', 'zh', 'arxiv:2501.12202', 'arxiv:2411.02293', 'license:other', 'region:us']",image-to-3d,hunyuan3d-2,2025-01-20T06:55:37.000Z,tencent/Hunyuan3D-2
67acc0f1b150b8272b721c3b,ds4sd/SmolDocling-256M-preview,1252,False,81521,"['transformers', 'onnx', 'safetensors', 'idefics3', 'image-text-to-text', 'conversational', 'en', 'arxiv:2503.11576', 'arxiv:2305.03393', 'base_model:HuggingFaceTB/SmolVLM-256M-Instruct', 'base_model:quantized:HuggingFaceTB/SmolVLM-256M-Instruct', 'license:cdla-permissive-2.0', 'endpoints_compatible', 'region:us']",image-text-to-text,transformers,2025-02-12T15:40:33.000Z,ds4sd/SmolDocling-256M-preview
6657117247425097c30d027a,mistralai/Codestral-22B-v0.1,1244,False,13889,"['transformers', 'safetensors', 'mistral', 'text-generation', 'code', 'conversational', 'license:other', 'autotrain_compatible', 'text-generation-inference', 'region:us']",text-generation,transformers,2024-05-29T11:28:50.000Z,mistralai/Codestral-22B-v0.1
63961573185ff1b6d606b84d,prompthero/openjourney-v4,1243,False,63840,"['diffusers', 'safetensors', 'stable-diffusion', 'text-to-image', 'license:creativeml-openrail-m', 'autotrain_compatible', 'endpoints_compatible', 'diffusers:StableDiffusionPipeline', 'region:us']",text-to-image,diffusers,2022-12-11T17:37:55.000Z,prompthero/openjourney-v4
6352c0d3507b679c3c5f41f4,google/flan-t5-xxl,1238,False,197640,"['transformers', 'pytorch', 'tf', 'jax', 'safetensors', 't5', 'text2text-generation', 'en', 'fr', 'ro', 'de', 'multilingual', 'dataset:svakulenk0/qrecc', 'dataset:taskmaster2', 'dataset:djaym7/wiki_dialog', 'dataset:deepmind/code_contests', 'dataset:lambada', 'dataset:gsm8k', 'dataset:aqua_rat', 'dataset:esnli', 'dataset:quasc', 'dataset:qed', 'arxiv:2210.11416', 'arxiv:1910.09700', 'license:apache-2.0', 'autotrain_compatible', 'text-generation-inference', 'endpoints_compatible', 'region:us']",text2text-generation,transformers,2022-10-21T15:54:59.000Z,google/flan-t5-xxl
67c35b9bb236f0d365bf29d3,google/gemma-3-27b-it,1237,False,623437,"['transformers', 'safetensors', 'gemma3', 'image-text-to-text', 'conversational', 'arxiv:1905.07830', 'arxiv:1905.10044', 'arxiv:1911.11641', 'arxiv:1904.09728', 'arxiv:1705.03551', 'arxiv:1911.01547', 'arxiv:1907.10641', 'arxiv:1903.00161', 'arxiv:2009.03300', 'arxiv:2304.06364', 'arxiv:2103.03874', 'arxiv:2110.14168', 'arxiv:2311.12022', 'arxiv:2108.07732', 'arxiv:2107.03374', 'arxiv:2210.03057', 'arxiv:2106.03193', 'arxiv:1910.11856', 'arxiv:2502.12404', 'arxiv:2502.21228', 'arxiv:2404.16816', 'arxiv:2104.12756', 'arxiv:2311.16502', 'arxiv:2203.10244', 'arxiv:2404.12390', 'arxiv:1810.12440', 'arxiv:1908.02660', 'arxiv:2312.11805', 'base_model:google/gemma-3-27b-pt', 'base_model:finetune:google/gemma-3-27b-pt', 'license:gemma', 'text-generation-inference', 'endpoints_compatible', 'region:us']",image-text-to-text,transformers,2025-03-01T19:10:19.000Z,google/gemma-3-27b-it
657a503b57c26133131e7d31,cognitivecomputations/dolphin-2.5-mixtral-8x7b,1232,False,8581,"['transformers', 'pytorch', 'safetensors', 'mixtral', 'text-generation', 'conversational', 'en', 'dataset:ehartford/dolphin', 'dataset:jondurbin/airoboros-2.2.1', 'dataset:ehartford/dolphin-coder', 'dataset:migtissera/Synthia-v1.3', 'dataset:teknium/openhermes', 'dataset:ise-uiuc/Magicoder-OSS-Instruct-75K', 'dataset:ise-uiuc/Magicoder-Evol-Instruct-110K', 'dataset:LDJnr/Pure-Dove', 'license:apache-2.0', 'autotrain_compatible', 'text-generation-inference', 'endpoints_compatible', 'region:us']",text-generation,transformers,2023-12-14T00:45:47.000Z,cognitivecomputations/dolphin-2.5-mixtral-8x7b
658fb85235c41262d661dc48,TinyLlama/TinyLlama-1.1B-Chat-v1.0,1232,False,1078078,"['transformers', 'safetensors', 'llama', 'text-generation', 'conversational', 'en', 'dataset:cerebras/SlimPajama-627B', 'dataset:bigcode/starcoderdata', 'dataset:HuggingFaceH4/ultrachat_200k', 'dataset:HuggingFaceH4/ultrafeedback_binarized', 'license:apache-2.0', 'autotrain_compatible', 'text-generation-inference', 'endpoints_compatible', 'region:us']",text-generation,transformers,2023-12-30T06:27:30.000Z,TinyLlama/TinyLlama-1.1B-Chat-v1.0
67abf36a4d0bd8ed8ce072e2,microsoft/OmniParser-v2.0,1225,False,2172,"['transformers', 'safetensors', 'endpoint-template', 'custom_code', 'arxiv:2408.00203', 'license:mit', 'endpoints_compatible', 'region:us']",,transformers,2025-02-12T01:03:38.000Z,microsoft/OmniParser-v2.0
67bd70aaac4a596a43c6706c,Wan-AI/Wan2.1-T2V-14B,1223,False,53546,"['diffusers', 'safetensors', 't2v', 'video generation', 'text-to-video', 'en', 'zh', 'license:apache-2.0', 'region:us']",text-to-video,diffusers,2025-02-25T07:26:34.000Z,Wan-AI/Wan2.1-T2V-14B
671755e338bc25eac38bbd59,genmo/mochi-1-preview,1208,False,24667,"['diffusers', 'safetensors', 'video', 'genmo', 'text-to-video', 'en', 'license:apache-2.0', 'diffusers:MochiPipeline', 'region:us']",text-to-video,diffusers,2024-10-22T07:36:03.000Z,genmo/mochi-1-preview
621ffdc036468d709f174332,google-bert/bert-base-chinese,1182,False,3183361,"['transformers', 'pytorch', 'tf', 'jax', 'safetensors', 'bert', 'fill-mask', 'zh', 'arxiv:1810.04805', 'autotrain_compatible', 'endpoints_compatible', 'region:us']",fill-mask,transformers,2022-03-02T23:29:04.000Z,google-bert/bert-base-chinese
6623620e439565130935a9cb,ByteDance/Hyper-SD,1182,False,139791,"['diffusers', 'lora', 'text-to-image', 'stable-diffusion', 'flux', 'arxiv:2404.13686', 'base_model:black-forest-labs/FLUX.1-dev', 'base_model:adapter:black-forest-labs/FLUX.1-dev', 'region:us']",text-to-image,diffusers,2024-04-20T06:34:54.000Z,ByteDance/Hyper-SD
66056356d0703e48e20834fe,ai21labs/Jamba-v0.1,1180,False,6846,"['transformers', 'safetensors', 'jamba', 'text-generation', 'mamba', 'moe', 'custom_code', 'arxiv:2403.19887', 'license:apache-2.0', 'autotrain_compatible', 'endpoints_compatible', 'region:us']",text-generation,transformers,2024-03-28T12:32:22.000Z,ai21labs/Jamba-v0.1
66cee7d175a88154443a4056,Qwen/Qwen2-VL-7B-Instruct,1178,False,1058576,"['transformers', 'safetensors', 'qwen2_vl', 'image-text-to-text', 'multimodal', 'conversational', 'en', 'arxiv:2409.12191', 'arxiv:2308.12966', 'base_model:Qwen/Qwen2-VL-7B', 'base_model:finetune:Qwen/Qwen2-VL-7B', 'license:apache-2.0', 'text-generation-inference', 'endpoints_compatible', 'region:us']",image-text-to-text,transformers,2024-08-28T09:03:13.000Z,Qwen/Qwen2-VL-7B-Instruct
646f350ce2a72c647b686b91,tiiuae/falcon-40b-instruct,1174,False,65259,"['transformers', 'pytorch', 'falcon', 'text-generation', 'custom_code', 'en', 'dataset:tiiuae/falcon-refinedweb', 'arxiv:2205.14135', 'arxiv:1911.02150', 'arxiv:2005.14165', 'arxiv:2104.09864', 'arxiv:2306.01116', 'arxiv:2304.01196', 'license:apache-2.0', 'autotrain_compatible', 'text-generation-inference', 'endpoints_compatible', 'region:us']",text-generation,transformers,2023-05-25T10:14:36.000Z,tiiuae/falcon-40b-instruct
66268dc9cd54f5fffb4e2e24,microsoft/Phi-3-mini-4k-instruct,1173,False,758917,"['transformers', 'safetensors', 'phi3', 'text-generation', 'nlp', 'code', 'conversational', 'custom_code', 'en', 'fr', 'license:mit', 'autotrain_compatible', 'text-generation-inference', 'endpoints_compatible', 'region:us']",text-generation,transformers,2024-04-22T16:18:17.000Z,microsoft/Phi-3-mini-4k-instruct
678e11922b39b4ed1381531b,deepseek-ai/DeepSeek-R1-Distill-Qwen-1.5B,1168,False,1699383,"['transformers', 'safetensors', 'qwen2', 'text-generation', 'conversational', 'arxiv:2501.12948', 'license:mit', 'autotrain_compatible', 'text-generation-inference', 'endpoints_compatible', 'region:us']",text-generation,transformers,2025-01-20T09:04:18.000Z,deepseek-ai/DeepSeek-R1-Distill-Qwen-1.5B
64545242ecdd69b8134e2177,mosaicml/mpt-7b,1166,False,24955,"['transformers', 'pytorch', 'mpt', 'text-generation', 'Composer', 'MosaicML', 'llm-foundry', 'StreamingDatasets', 'custom_code', 'dataset:mc4', 'dataset:c4', 'dataset:togethercomputer/RedPajama-Data-1T', 'dataset:bigcode/the-stack', 'dataset:allenai/s2orc', 'arxiv:2108.12409', 'arxiv:2302.13971', 'arxiv:2205.14135', 'arxiv:2010.04245', 'arxiv:1909.08053', 'arxiv:2302.06675', 'license:apache-2.0', 'autotrain_compatible', 'text-generation-inference', 'region:us']",text-generation,transformers,2023-05-05T00:48:02.000Z,mosaicml/mpt-7b
65cac0d27faf059c56a5821f,google/gemma-7b-it,1163,False,63932,"['transformers', 'safetensors', 'gguf', 'gemma', 'text-generation', 'conversational', 'arxiv:2312.11805', 'arxiv:2009.03300', 'arxiv:1905.07830', 'arxiv:1911.11641', 'arxiv:1904.09728', 'arxiv:1905.10044', 'arxiv:1907.10641', 'arxiv:1811.00937', 'arxiv:1809.02789', 'arxiv:1911.01547', 'arxiv:1705.03551', 'arxiv:2107.03374', 'arxiv:2108.07732', 'arxiv:2110.14168', 'arxiv:2304.06364', 'arxiv:2206.04615', 'arxiv:1804.06876', 'arxiv:2110.08193', 'arxiv:2009.11462', 'arxiv:2101.11718', 'arxiv:1804.09301', 'arxiv:2109.07958', 'arxiv:2203.09509', 'base_model:google/gemma-7b', 'base_model:finetune:google/gemma-7b', 'license:gemma', 'autotrain_compatible', 'text-generation-inference', 'endpoints_compatible', 'region:us']",text-generation,transformers,2024-02-13T01:07:30.000Z,google/gemma-7b-it
665021788d9a04684d5b5772,stabilityai/stable-audio-open-1.0,1159,False,34607,"['stable-audio-tools', 'diffusers', 'safetensors', 'text-to-audio', 'en', 'arxiv:2407.14358', 'license:other', 'region:us']",text-to-audio,stable-audio-tools,2024-05-24T05:11:20.000Z,stabilityai/stable-audio-open-1.0
64dc4d731d19239f50867b34,h94/IP-Adapter,1157,False,0,"['diffusers', 'safetensors', 'text-to-image', 'stable-diffusion', 'en', 'arxiv:2308.06721', 'license:apache-2.0', 'region:us']",text-to-image,diffusers,2023-08-16T04:15:47.000Z,h94/IP-Adapter
672379b045bf745cb0f1a79a,Lightricks/LTX-Video,1152,False,150927,"['diffusers', 'safetensors', 'ltx-video', 'image-to-video', 'text-to-video', 'en', 'license:other', 'diffusers:LTXPipeline', 'region:us']",text-to-video,diffusers,2024-10-31T12:36:00.000Z,Lightricks/LTX-Video
67d06d3a789ed9bc5a5b327d,mistralai/Mistral-Small-3.1-24B-Instruct-2503,1146,False,97013,"['vllm', 'safetensors', 'mistral3', 'image-text-to-text', 'conversational', 'en', 'fr', 'de', 'es', 'pt', 'it', 'ja', 'ko', 'ru', 'zh', 'ar', 'fa', 'id', 'ms', 'ne', 'pl', 'ro', 'sr', 'sv', 'tr', 'uk', 'vi', 'hi', 'bn', 'base_model:mistralai/Mistral-Small-3.1-24B-Base-2503', 'base_model:finetune:mistralai/Mistral-Small-3.1-24B-Base-2503', 'license:apache-2.0', 'region:us']",image-text-to-text,vllm,2025-03-11T17:04:58.000Z,mistralai/Mistral-Small-3.1-24B-Instruct-2503
64ed2db1514d2c6f5f533ccf,tiiuae/falcon-180B,1139,False,2353,"['transformers', 'safetensors', 'falcon', 'text-generation', 'en', 'de', 'es', 'fr', 'dataset:tiiuae/falcon-refinedweb', 'arxiv:1911.02150', 'arxiv:2101.00027', 'arxiv:2005.14165', 'arxiv:2104.09864', 'arxiv:2205.14135', 'arxiv:2306.01116', 'license:unknown', 'autotrain_compatible', 'text-generation-inference', 'region:us']",text-generation,transformers,2023-08-28T23:28:49.000Z,tiiuae/falcon-180B
6538e659a608e1c3a212cb75,THUDM/chatglm3-6b,1127,False,197127,"['transformers', 'pytorch', 'safetensors', 'chatglm', 'glm', 'thudm', 'custom_code', 'zh', 'en', 'arxiv:2103.10360', 'arxiv:2210.02414', 'arxiv:2406.12793', 'endpoints_compatible', 'region:us']",,transformers,2023-10-25T09:56:41.000Z,THUDM/chatglm3-6b
653f4646c2307cc448a98395,openchat/openchat_3.5,1126,False,14122,"['transformers', 'pytorch', 'mistral', 'text-generation', 'openchat', 'C-RLFT', 'conversational', 'dataset:openchat/openchat_sharegpt4_dataset', 'dataset:imone/OpenOrca_FLAN', 'dataset:LDJnr/LessWrong-Amplify-Instruct', 'dataset:LDJnr/Pure-Dove', 'dataset:LDJnr/Verified-Camel', 'dataset:tiedong/goat', 'dataset:glaiveai/glaive-code-assistant', 'dataset:meta-math/MetaMathQA', 'dataset:OpenAssistant/oasst_top1_2023-08-25', 'dataset:TIGER-Lab/MathInstruct', 'arxiv:2309.11235', 'arxiv:2303.08774', 'license:apache-2.0', 'autotrain_compatible', 'text-generation-inference', 'endpoints_compatible', 'region:us']",text-generation,transformers,2023-10-30T05:59:34.000Z,openchat/openchat_3.5
63426bf26f59b79da0745d10,hakurei/waifu-diffusion-v1-4,1123,False,0,"['stable-diffusion', 'text-to-image', 'en', 'license:creativeml-openrail-m', 'region:us']",text-to-image,,2022-10-09T06:36:34.000Z,hakurei/waifu-diffusion-v1-4
66b291b74f5aa5c430b1a274,XLabs-AI/flux-RealismLora,1114,False,202720,"['diffusers', 'lora', 'Stable Diffusion', 'image-generation', 'Flux', 'text-to-image', 'en', 'base_model:black-forest-labs/FLUX.1-dev', 'base_model:adapter:black-forest-labs/FLUX.1-dev', 'license:other', 'region:us']",text-to-image,diffusers,2024-08-06T21:12:23.000Z,XLabs-AI/flux-RealismLora
65e60cda4b2e0f45e49dc03d,vikhyatk/moondream2,1113,False,159022,"['transformers', 'safetensors', 'gguf', 'moondream1', 'text-generation', 'image-text-to-text', 'custom_code', 'doi:10.57967/hf/3219', 'license:apache-2.0', 'autotrain_compatible', 'endpoints_compatible', 'region:us']",image-text-to-text,transformers,2024-03-04T18:03:06.000Z,vikhyatk/moondream2
66032afc803114181a7088f8,databricks/dbrx-instruct,1110,False,8943,"['transformers', 'safetensors', 'dbrx', 'text-generation', 'conversational', 'arxiv:2211.15841', 'arxiv:2304.11277', 'license:other', 'autotrain_compatible', 'text-generation-inference', 'region:us']",text-generation,transformers,2024-03-26T20:07:24.000Z,databricks/dbrx-instruct
6523bd962d3ba46ccd378b5a,HuggingFaceH4/zephyr-7b-alpha,1109,False,12463,"['transformers', 'pytorch', 'safetensors', 'mistral', 'text-generation', 'generated_from_trainer', 'conversational', 'en', 'dataset:stingning/ultrachat', 'dataset:openbmb/UltraFeedback', 'arxiv:2305.18290', 'arxiv:2310.16944', 'arxiv:2305.14233', 'arxiv:2310.01377', 'base_model:mistralai/Mistral-7B-v0.1', 'base_model:finetune:mistralai/Mistral-7B-v0.1', 'license:mit', 'autotrain_compatible', 'text-generation-inference', 'endpoints_compatible', 'region:us']",text-generation,transformers,2023-10-09T08:45:10.000Z,HuggingFaceH4/zephyr-7b-alpha
678371daa22796d3c0372a09,openbmb/MiniCPM-o-2_6,1108,False,312446,"['transformers', 'safetensors', 'minicpmo', 'feature-extraction', 'minicpm-o', 'omni', 'vision', 'ocr', 'multi-image', 'video', 'custom_code', 'audio', 'speech', 'voice cloning', 'live Streaming', 'realtime speech conversation', 'asr', 'tts', 'any-to-any', 'multilingual', 'dataset:openbmb/RLAIF-V-Dataset', 'arxiv:2405.17220', 'arxiv:2408.01800', 'region:us']",any-to-any,transformers,2025-01-12T07:40:10.000Z,openbmb/MiniCPM-o-2_6
63ca181a7e710e28ce947bd2,timbrooks/instruct-pix2pix,1104,False,155683,"['diffusers', 'safetensors', 'image-to-image', 'license:mit', 'diffusers:StableDiffusionInstructPix2PixPipeline', 'region:us']",image-to-image,diffusers,2023-01-20T04:27:06.000Z,timbrooks/instruct-pix2pix
62f02987e57174582cd334e3,impira/layoutlm-document-qa,1101,False,33746,"['transformers', 'pytorch', 'tf', 'safetensors', 'layoutlm', 'document-question-answering', 'pdf', 'en', 'license:mit', 'endpoints_compatible', 'region:us']",document-question-answering,transformers,2022-08-07T21:07:19.000Z,impira/layoutlm-document-qa
6446b0089cb2a8f4a4ef5937,tiiuae/falcon-7b,1083,False,76572,"['transformers', 'pytorch', 'safetensors', 'falcon', 'text-generation', 'custom_code', 'en', 'dataset:tiiuae/falcon-refinedweb', 'arxiv:2205.14135', 'arxiv:1911.02150', 'arxiv:2101.00027', 'arxiv:2005.14165', 'arxiv:2104.09864', 'arxiv:2306.01116', 'license:apache-2.0', 'autotrain_compatible', 'text-generation-inference', 'region:us']",text-generation,transformers,2023-04-24T16:36:24.000Z,tiiuae/falcon-7b
65ef285e326a1a5bd30e00d8,CohereLabs/c4ai-command-r-v01,1081,False,9393,"['transformers', 'safetensors', 'cohere', 'text-generation', 'conversational', 'en', 'fr', 'de', 'es', 'it', 'pt', 'ja', 'ko', 'zh', 'ar', 'doi:10.57967/hf/3139', 'license:cc-by-nc-4.0', 'autotrain_compatible', 'text-generation-inference', 'region:us']",text-generation,transformers,2024-03-11T15:50:54.000Z,CohereLabs/c4ai-command-r-v01
64b01418c2f8f5e34a7f1302,meta-llama/Llama-2-13b-chat-hf,1074,False,153398,"['transformers', 'pytorch', 'safetensors', 'llama', 'text-generation', 'facebook', 'meta', 'llama-2', 'conversational', 'en', 'arxiv:2307.09288', 'license:llama2', 'autotrain_compatible', 'text-generation-inference', 'endpoints_compatible', 'region:us']",text-generation,transformers,2023-07-13T15:11:20.000Z,meta-llama/Llama-2-13b-chat-hf
63c0315dc42fb2d7f8691a51,lj1995/VoiceConversionWebUI,1073,False,0,"['onnx', 'license:mit', 'region:us']",,,2023-01-12T16:12:13.000Z,lj1995/VoiceConversionWebUI
67a5391b53c1093805764e7c,Zyphra/Zonos-v0.1-hybrid,1060,False,10743,"['safetensors', 'text-to-speech', 'license:apache-2.0', 'region:us']",text-to-speech,,2025-02-06T22:35:07.000Z,Zyphra/Zonos-v0.1-hybrid
669650bb11dbbf600cf4dcf0,google/gemma-2-2b-it,1058,False,366844,"['transformers', 'safetensors', 'gemma2', 'text-generation', 'conversational', 'arxiv:2009.03300', 'arxiv:1905.07830', 'arxiv:1911.11641', 'arxiv:1904.09728', 'arxiv:1905.10044', 'arxiv:1907.10641', 'arxiv:1811.00937', 'arxiv:1809.02789', 'arxiv:1911.01547', 'arxiv:1705.03551', 'arxiv:2107.03374', 'arxiv:2108.07732', 'arxiv:2110.14168', 'arxiv:2009.11462', 'arxiv:2101.11718', 'arxiv:2110.08193', 'arxiv:1804.09301', 'arxiv:2109.07958', 'arxiv:1804.06876', 'arxiv:2103.03874', 'arxiv:2304.06364', 'arxiv:1903.00161', 'arxiv:2206.04615', 'arxiv:2203.09509', 'arxiv:2403.13793', 'base_model:google/gemma-2-2b', 'base_model:finetune:google/gemma-2-2b', 'license:gemma', 'autotrain_compatible', 'text-generation-inference', 'endpoints_compatible', 'region:us']",text-generation,transformers,2024-07-16T10:51:39.000Z,google/gemma-2-2b-it
621ffdc136468d709f180297,sentence-transformers/all-mpnet-base-v2,1045,False,31459460,"['sentence-transformers', 'pytorch', 'onnx', 'safetensors', 'openvino', 'mpnet', 'fill-mask', 'feature-extraction', 'sentence-similarity', 'transformers', 'en', 'dataset:s2orc', 'dataset:flax-sentence-embeddings/stackexchange_xml', 'dataset:ms_marco', 'dataset:gooaq', 'dataset:yahoo_answers_topics', 'dataset:code_search_net', 'dataset:search_qa', 'dataset:eli5', 'dataset:snli', 'dataset:multi_nli', 'dataset:wikihow', 'dataset:natural_questions', 'dataset:trivia_qa', 'dataset:embedding-data/sentence-compression', 'dataset:embedding-data/flickr30k-captions', 'dataset:embedding-data/altlex', 'dataset:embedding-data/simple-wiki', 'dataset:embedding-data/QQP', 'dataset:embedding-data/SPECTER', 'dataset:embedding-data/PAQ_pairs', 'dataset:embedding-data/WikiAnswers', 'arxiv:1904.06472', 'arxiv:2102.07033', 'arxiv:2104.08727', 'arxiv:1704.05179', 'arxiv:1810.09305', 'license:apache-2.0', 'autotrain_compatible', 'endpoints_compatible', 'region:us']",sentence-similarity,sentence-transformers,2022-03-02T23:29:05.000Z,sentence-transformers/all-mpnet-base-v2
678e4b16630463a29b67eb5e,unsloth/DeepSeek-R1-GGUF,1040,False,1994086,"['transformers', 'gguf', 'deepseek_v3', 'text-generation', 'deepseek', 'unsloth', 'custom_code', 'en', 'arxiv:2501.12948', 'base_model:deepseek-ai/DeepSeek-R1', 'base_model:quantized:deepseek-ai/DeepSeek-R1', 'license:mit', 'autotrain_compatible', 'endpoints_compatible', 'region:us', 'conversational']",text-generation,transformers,2025-01-20T13:09:42.000Z,unsloth/DeepSeek-R1-GGUF
621ffdc136468d709f17f135,pyannote/speaker-diarization,1031,False,852992,"['pyannote-audio', 'pyannote', 'pyannote-audio-pipeline', 'audio', 'voice', 'speech', 'speaker', 'speaker-diarization', 'speaker-change-detection', 'voice-activity-detection', 'overlapped-speech-detection', 'automatic-speech-recognition', 'dataset:ami', 'dataset:dihard', 'dataset:voxconverse', 'dataset:aishell', 'dataset:repere', 'dataset:voxceleb', 'arxiv:2012.01477', 'arxiv:2110.07058', 'arxiv:2005.08072', 'license:mit', 'region:us']",automatic-speech-recognition,pyannote-audio,2022-03-02T23:29:05.000Z,pyannote/speaker-diarization
63955984be4a1d2ad9e4d55a,dreamlike-art/dreamlike-diffusion-1.0,1019,False,13163,"['diffusers', 'safetensors', 'stable-diffusion', 'stable-diffusion-diffusers', 'text-to-image', 'art', 'artistic', 'en', 'license:other', 'autotrain_compatible', 'diffusers:StableDiffusionPipeline', 'region:us']",text-to-image,diffusers,2022-12-11T04:16:04.000Z,dreamlike-art/dreamlike-diffusion-1.0
652f0dc05d91b1c2957de551,adept/fuyu-8b,1006,False,14188,"['transformers', 'safetensors', 'fuyu', 'image-text-to-text', 'license:cc-by-nc-4.0', 'endpoints_compatible', 'region:us']",image-text-to-text,transformers,2023-10-17T22:42:08.000Z,adept/fuyu-8b
66bd677b84c23e82ae7e0f57,city96/FLUX.1-dev-gguf,1002,False,135972,"['gguf', 'text-to-image', 'image-generation', 'flux', 'base_model:black-forest-labs/FLUX.1-dev', 'base_model:quantized:black-forest-labs/FLUX.1-dev', 'license:other', 'region:us']",text-to-image,gguf,2024-08-15T02:27:07.000Z,city96/FLUX.1-dev-gguf
65c48cae885203c00532a392,google/gemma-2b,994,False,421048,"['transformers', 'safetensors', 'gguf', 'gemma', 'text-generation', 'arxiv:2312.11805', 'arxiv:2009.03300', 'arxiv:1905.07830', 'arxiv:1911.11641', 'arxiv:1904.09728', 'arxiv:1905.10044', 'arxiv:1907.10641', 'arxiv:1811.00937', 'arxiv:1809.02789', 'arxiv:1911.01547', 'arxiv:1705.03551', 'arxiv:2107.03374', 'arxiv:2108.07732', 'arxiv:2110.14168', 'arxiv:2304.06364', 'arxiv:2206.04615', 'arxiv:1804.06876', 'arxiv:2110.08193', 'arxiv:2009.11462', 'arxiv:2101.11718', 'arxiv:1804.09301', 'arxiv:2109.07958', 'arxiv:2203.09509', 'license:gemma', 'autotrain_compatible', 'text-generation-inference', 'endpoints_compatible', 'region:us']",text-generation,transformers,2024-02-08T08:11:26.000Z,google/gemma-2b
6703f246708ff00515dc6b9f,SWivid/F5-TTS,989,False,907060,"['f5-tts', 'text-to-speech', 'dataset:amphion/Emilia-Dataset', 'arxiv:2410.06885', 'license:cc-by-nc-4.0', 'region:us']",text-to-speech,f5-tts,2024-10-07T14:37:58.000Z,SWivid/F5-TTS
65b38e897cd0069ad66d426f,miqudev/miqu-1-70b,984,False,320,"['gguf', 'endpoints_compatible', 'region:us']",,,2024-01-26T10:50:49.000Z,miqudev/miqu-1-70b
63805b5a54b1953f5341240a,Envvi/Inkpunk-Diffusion,982,False,1194,"['diffusers', 'stable-diffusion', 'text-to-image', 'en', 'license:creativeml-openrail-m', 'autotrain_compatible', 'endpoints_compatible', 'diffusers:StableDiffusionPipeline', 'region:us']",text-to-image,diffusers,2022-11-25T06:06:18.000Z,Envvi/Inkpunk-Diffusion
63b52e9258b5e43bdde50220,nuigurumi/basil_mix,977,False,2371,"['diffusers', 'license:other', 'autotrain_compatible', 'endpoints_compatible', 'diffusers:StableDiffusionPipeline', 'region:us']",text-to-image,diffusers,2023-01-04T07:45:22.000Z,nuigurumi/basil_mix
641ab5d15d107c5c5f346372,ggerganov/whisper.cpp,974,False,0,"['automatic-speech-recognition', 'license:mit', 'region:us']",automatic-speech-recognition,,2023-03-22T08:01:21.000Z,ggerganov/whisper.cpp
66af1e9d13ac6725105cabf6,openbmb/MiniCPM-V-2_6,967,False,249178,"['transformers', 'safetensors', 'minicpmv', 'feature-extraction', 'minicpm-v', 'vision', 'ocr', 'multi-image', 'video', 'custom_code', 'image-text-to-text', 'conversational', 'multilingual', 'dataset:openbmb/RLAIF-V-Dataset', 'arxiv:2408.01800', 'region:us']",image-text-to-text,transformers,2024-08-04T06:24:29.000Z,openbmb/MiniCPM-V-2_6
63bfcf5e1793b0c31ca3a95d,Lykon/DreamShaper,964,False,73125,"['diffusers', 'stable-diffusion', 'stable-diffusion-diffusers', 'text-to-image', 'art', 'artistic', 'anime', 'en', 'doi:10.57967/hf/0453', 'license:other', 'autotrain_compatible', 'diffusers:StableDiffusionPipeline', 'region:us']",text-to-image,diffusers,2023-01-12T09:14:06.000Z,Lykon/DreamShaper
62f3adff279252f3f1142f63,CompVis/stable-diffusion,961,False,0,"['stable-diffusion', 'text-to-image', 'arxiv:2207.12598', 'license:creativeml-openrail-m', 'region:us']",text-to-image,,2022-08-10T13:09:19.000Z,CompVis/stable-diffusion
6447714d3411a0902bad9607,tiiuae/falcon-7b-instruct,960,False,178785,"['transformers', 'pytorch', 'coreml', 'safetensors', 'falcon', 'text-generation', 'conversational', 'custom_code', 'en', 'dataset:tiiuae/falcon-refinedweb', 'arxiv:2205.14135', 'arxiv:1911.02150', 'arxiv:2005.14165', 'arxiv:2104.09864', 'arxiv:2306.01116', 'license:apache-2.0', 'autotrain_compatible', 'text-generation-inference', 'endpoints_compatible', 'region:us']",text-generation,transformers,2023-04-25T06:21:01.000Z,tiiuae/falcon-7b-instruct
664a15bb0e5395fb529b1258,microsoft/Phi-3-vision-128k-instruct,958,False,25941,"['transformers', 'safetensors', 'phi3_v', 'text-generation', 'nlp', 'code', 'vision', 'conversational', 'custom_code', 'multilingual', 'license:mit', 'autotrain_compatible', 'region:us']",text-generation,transformers,2024-05-19T15:07:39.000Z,microsoft/Phi-3-vision-128k-instruct
67d3b141d8b6e20c6d009c8b,manycore-research/SpatialLM-Llama-1B,955,False,18649,"['transformers', 'safetensors', 'spatiallm_llama', 'text-generation', 'conversational', 'base_model:meta-llama/Llama-3.2-1B-Instruct', 'base_model:finetune:meta-llama/Llama-3.2-1B-Instruct', 'license:llama3.2', 'autotrain_compatible', 'endpoints_compatible', 'region:us']",text-generation,transformers,2025-03-14T04:32:01.000Z,manycore-research/SpatialLM-Llama-1B
635ae2801f1698d824b4a239,nitrosocke/mo-di-diffusion,953,False,2826,"['diffusers', 'stable-diffusion', 'text-to-image', 'license:creativeml-openrail-m', 'autotrain_compatible', 'endpoints_compatible', 'diffusers:StableDiffusionPipeline', 'region:us']",text-to-image,diffusers,2022-10-27T19:56:48.000Z,nitrosocke/mo-di-diffusion
6443f40b5298d19c9cfea637,OpenAssistant/oasst-sft-6-llama-30b-xor,944,False,0,"['arxiv:2304.07327', 'license:other', 'region:us']",,,2023-04-22T14:49:47.000Z,OpenAssistant/oasst-sft-6-llama-30b-xor
647e99df10b7a3b157196811,moka-ai/m3e-base,940,False,162520,"['sentence-transformers', 'pytorch', 'safetensors', 'bert', 'embedding', 'text-embedding', 'zh', 'en', 'region:us']",,sentence-transformers,2023-06-06T02:28:47.000Z,moka-ai/m3e-base
64de78eae44c1c0fa8d0136b,stabilityai/control-lora,935,False,0,"['text-to-image', 'stable-diffusion', 'en', 'license:other', 'region:us']",text-to-image,,2023-08-17T19:45:46.000Z,stabilityai/control-lora
66ab96ab48b45330b7ef68a0,comfyanonymous/flux_text_encoders,933,False,0,"['license:apache-2.0', 'region:us']",,,2024-08-01T14:07:39.000Z,comfyanonymous/flux_text_encoders
6695cd12321386ed51d7bc22,meta-llama/Llama-3.1-405B,926,False,20100,"['transformers', 'safetensors', 'llama', 'text-generation', 'facebook', 'meta', 'pytorch', 'llama-3', 'en', 'de', 'fr', 'it', 'pt', 'hi', 'es', 'th', 'arxiv:2204.05149', 'license:llama3.1', 'autotrain_compatible', 'text-generation-inference', 'endpoints_compatible', 'region:us']",text-generation,transformers,2024-07-16T01:29:54.000Z,meta-llama/Llama-3.1-405B
65f98c0619efe1381b9514a5,ByteDance/AnimateDiff-Lightning,923,False,148730,"['diffusers', 'text-to-video', 'stable-diffusion', 'animatediff', 'arxiv:2403.12706', 'license:creativeml-openrail-m', 'region:us']",text-to-video,diffusers,2024-03-19T12:58:46.000Z,ByteDance/AnimateDiff-Lightning
649e866b9badc2e0a464292e,intfloat/multilingual-e5-large,921,False,1930108,"['sentence-transformers', 'pytorch', 'onnx', 'safetensors', 'openvino', 'xlm-roberta', 'mteb', 'Sentence Transformers', 'sentence-similarity', 'feature-extraction', 'multilingual', 'af', 'am', 'ar', 'as', 'az', 'be', 'bg', 'bn', 'br', 'bs', 'ca', 'cs', 'cy', 'da', 'de', 'el', 'en', 'eo', 'es', 'et', 'eu', 'fa', 'fi', 'fr', 'fy', 'ga', 'gd', 'gl', 'gu', 'ha', 'he', 'hi', 'hr', 'hu', 'hy', 'id', 'is', 'it', 'ja', 'jv', 'ka', 'kk', 'km', 'kn', 'ko', 'ku', 'ky', 'la', 'lo', 'lt', 'lv', 'mg', 'mk', 'ml', 'mn', 'mr', 'ms', 'my', 'ne', 'nl', 'no', 'om', 'or', 'pa', 'pl', 'ps', 'pt', 'ro', 'ru', 'sa', 'sd', 'si', 'sk', 'sl', 'so', 'sq', 'sr', 'su', 'sv', 'sw', 'ta', 'te', 'th', 'tl', 'tr', 'ug', 'uk', 'ur', 'uz', 'vi', 'xh', 'yi', 'zh', 'arxiv:2402.05672', 'arxiv:2108.08787', 'arxiv:2104.08663', 'arxiv:2210.07316', 'license:mit', 'model-index', 'autotrain_compatible', 'text-embeddings-inference', 'endpoints_compatible', 'region:us']",feature-extraction,sentence-transformers,2023-06-30T07:38:19.000Z,intfloat/multilingual-e5-large
655b86f4ce055ed40a5cedab,stabilityai/stable-video-diffusion-img2vid,910,False,103970,"['diffusers', 'safetensors', 'image-to-video', 'license:other', 'diffusers:StableVideoDiffusionPipeline', 'region:us']",image-to-video,diffusers,2023-11-20T16:19:00.000Z,stabilityai/stable-video-diffusion-img2vid
66d99c7e7577df8b2d4cff73,jinaai/jina-embeddings-v3,901,False,3197850,"['transformers', 'pytorch', 'onnx', 'safetensors', 'feature-extraction', 'sentence-similarity', 'mteb', 'sentence-transformers', 'custom_code', 'multilingual', 'af', 'am', 'ar', 'as', 'az', 'be', 'bg', 'bn', 'br', 'bs', 'ca', 'cs', 'cy', 'da', 'de', 'el', 'en', 'eo', 'es', 'et', 'eu', 'fa', 'fi', 'fr', 'fy', 'ga', 'gd', 'gl', 'gu', 'ha', 'he', 'hi', 'hr', 'hu', 'hy', 'id', 'is', 'it', 'ja', 'jv', 'ka', 'kk', 'km', 'kn', 'ko', 'ku', 'ky', 'la', 'lo', 'lt', 'lv', 'mg', 'mk', 'ml', 'mn', 'mr', 'ms', 'my', 'ne', 'nl', 'no', 'om', 'or', 'pa', 'pl', 'ps', 'pt', 'ro', 'ru', 'sa', 'sd', 'si', 'sk', 'sl', 'so', 'sq', 'sr', 'su', 'sv', 'sw', 'ta', 'te', 'th', 'tl', 'tr', 'ug', 'uk', 'ur', 'uz', 'vi', 'xh', 'yi', 'zh', 'arxiv:2409.10173', 'license:cc-by-nc-4.0', 'model-index', 'region:eu']",feature-extraction,transformers,2024-09-05T11:56:46.000Z,jinaai/jina-embeddings-v3
678dc4948b0ce22ae88ee52e,deepseek-ai/DeepSeek-R1-Zero,901,False,5587,"['transformers', 'safetensors', 'deepseek_v3', 'text-generation', 'conversational', 'custom_code', 'arxiv:2501.12948', 'license:mit', 'autotrain_compatible', 'endpoints_compatible', 'fp8', 'region:us']",text-generation,transformers,2025-01-20T03:35:48.000Z,deepseek-ai/DeepSeek-R1-Zero
65bd0d057c6ad1994bad7377,stabilityai/stable-video-diffusion-img2vid-xt-1-1,898,False,87811,"['diffusers', 'safetensors', 'image-to-video', 'license:other', 'diffusers:StableVideoDiffusionPipeline', 'region:us']",image-to-video,diffusers,2024-02-02T15:40:53.000Z,stabilityai/stable-video-diffusion-img2vid-xt-1-1
6798dbe54a10be7109f954f2,mistralai/Mistral-Small-24B-Instruct-2501,897,False,918507,"['vllm', 'safetensors', 'mistral', 'text-generation', 'transformers', 'conversational', 'en', 'fr', 'de', 'es', 'it', 'pt', 'zh', 'ja', 'ru', 'ko', 'base_model:mistralai/Mistral-Small-24B-Base-2501', 'base_model:finetune:mistralai/Mistral-Small-24B-Base-2501', 'license:apache-2.0', 'text-generation-inference', 'region:us']",text-generation,vllm,2025-01-28T13:30:13.000Z,mistralai/Mistral-Small-24B-Instruct-2501
66eaedefece5ee215637cc82,meta-llama/Llama-3.2-1B-Instruct,890,False,2312141,"['transformers', 'safetensors', 'llama', 'text-generation', 'facebook', 'meta', 'pytorch', 'llama-3', 'conversational', 'en', 'de', 'fr', 'it', 'pt', 'hi', 'es', 'th', 'arxiv:2204.05149', 'arxiv:2405.16406', 'license:llama3.2', 'autotrain_compatible', 'text-generation-inference', 'endpoints_compatible', 'region:us']",text-generation,transformers,2024-09-18T15:12:47.000Z,meta-llama/Llama-3.2-1B-Instruct
621ffdc136468d709f17e81a,nlpconnect/vit-gpt2-image-captioning,884,False,1267512,"['transformers', 'pytorch', 'vision-encoder-decoder', 'image-text-to-text', 'image-to-text', 'image-captioning', 'doi:10.57967/hf/0222', 'license:apache-2.0', 'endpoints_compatible', 'region:us']",image-to-text,transformers,2022-03-02T23:29:05.000Z,nlpconnect/vit-gpt2-image-captioning
64b94e28ee257c3a4c00b45b,stabilityai/StableBeluga2,884,False,816,"['transformers', 'pytorch', 'llama', 'text-generation', 'en', 'dataset:conceptofmind/cot_submix_original', 'dataset:conceptofmind/flan2021_submix_original', 'dataset:conceptofmind/t0_submix_original', 'dataset:conceptofmind/niv2_submix_original', 'arxiv:2307.09288', 'arxiv:2306.02707', 'autotrain_compatible', 'text-generation-inference', 'endpoints_compatible', 'region:us']",text-generation,transformers,2023-07-20T15:09:28.000Z,stabilityai/StableBeluga2
65f5dccec213d0ad71a3b780,NexaAIDev/Octopus-v2,882,False,639,"['transformers', 'safetensors', 'gemma', 'text-generation', 'function calling', 'on-device language model', 'android', 'conversational', 'en', 'arxiv:2404.19296', 'arxiv:2404.11459', 'arxiv:2404.01744', 'base_model:google/gemma-2b', 'base_model:finetune:google/gemma-2b', 'license:cc-by-nc-4.0', 'autotrain_compatible', 'text-generation-inference', 'region:us']",text-generation,transformers,2024-03-16T17:54:22.000Z,NexaAIDev/Octopus-v2
6394e88afaede12c7472e711,wavymulder/Analog-Diffusion,877,False,1161,"['diffusers', 'stable-diffusion', 'stable-diffusion-diffusers', 'text-to-image', 'safetensors', 'en', 'license:creativeml-openrail-m', 'autotrain_compatible', 'endpoints_compatible', 'diffusers:StableDiffusionPipeline', 'region:us']",text-to-image,diffusers,2022-12-10T20:14:02.000Z,wavymulder/Analog-Diffusion
67540a60c38ead77faf16ea9,Datou1111/shou_xin,872,False,228,"['diffusers', 'text-to-image', 'lora', 'template:diffusion-lora', 'base_model:black-forest-labs/FLUX.1-dev', 'base_model:adapter:black-forest-labs/FLUX.1-dev', 'license:other', 'region:us']",text-to-image,diffusers,2024-12-07T08:42:08.000Z,Datou1111/shou_xin
64b6ce072a8e3cd59df98e98,TheBloke/Llama-2-7B-Chat-GGML,871,False,1931,"['transformers', 'llama', 'facebook', 'meta', 'pytorch', 'llama-2', 'text-generation', 'en', 'arxiv:2307.09288', 'base_model:meta-llama/Llama-2-7b-chat-hf', 'base_model:finetune:meta-llama/Llama-2-7b-chat-hf', 'license:other', 'region:us']",text-generation,transformers,2023-07-18T17:38:15.000Z,TheBloke/Llama-2-7B-Chat-GGML
621ffdc136468d709f17a5fd,deepset/roberta-base-squad2,869,False,1845690,"['transformers', 'pytorch', 'tf', 'jax', 'rust', 'safetensors', 'roberta', 'question-answering', 'en', 'dataset:squad_v2', 'base_model:FacebookAI/roberta-base', 'base_model:finetune:FacebookAI/roberta-base', 'license:cc-by-4.0', 'model-index', 'endpoints_compatible', 'region:us']",question-answering,transformers,2022-03-02T23:29:05.000Z,deepset/roberta-base-squad2
64b65935909fbefc923000c1,guoyww/animatediff,865,False,0,"['license:apache-2.0', 'region:us']",,,2023-07-18T09:19:49.000Z,guoyww/animatediff
621ffdc136468d709f1802ec,sentence-transformers/paraphrase-multilingual-MiniLM-L12-v2,860,False,7843762,"['sentence-transformers', 'pytorch', 'tf', 'onnx', 'safetensors', 'openvino', 'bert', 'feature-extraction', 'sentence-similarity', 'transformers', 'multilingual', 'ar', 'bg', 'ca', 'cs', 'da', 'de', 'el', 'en', 'es', 'et', 'fa', 'fi', 'fr', 'gl', 'gu', 'he', 'hi', 'hr', 'hu', 'hy', 'id', 'it', 'ja', 'ka', 'ko', 'ku', 'lt', 'lv', 'mk', 'mn', 'mr', 'ms', 'my', 'nb', 'nl', 'pl', 'pt', 'ro', 'ru', 'sk', 'sl', 'sq', 'sr', 'sv', 'th', 'tr', 'uk', 'ur', 'vi', 'arxiv:1908.10084', 'license:apache-2.0', 'autotrain_compatible', 'text-embeddings-inference', 'endpoints_compatible', 'region:us']",sentence-similarity,sentence-transformers,2022-03-02T23:29:05.000Z,sentence-transformers/paraphrase-multilingual-MiniLM-L12-v2
621ffdc036468d709f176f71,ProsusAI/finbert,858,False,1802015,"['transformers', 'pytorch', 'tf', 'jax', 'bert', 'text-classification', 'financial-sentiment-analysis', 'sentiment-analysis', 'en', 'arxiv:1908.10063', 'autotrain_compatible', 'endpoints_compatible', 'region:us']",text-classification,transformers,2022-03-02T23:29:04.000Z,ProsusAI/finbert
661f95a2c658c6f9ca862ed9,meta-llama/Meta-Llama-3-70B,855,False,15875,"['transformers', 'safetensors', 'llama', 'text-generation', 'facebook', 'meta', 'pytorch', 'llama-3', 'en', 'license:llama3', 'autotrain_compatible', 'text-generation-inference', 'endpoints_compatible', 'region:us']",text-generation,transformers,2024-04-17T09:25:54.000Z,meta-llama/Meta-Llama-3-70B
621ffdc136468d709f17ade3,facebook/detr-resnet-50,854,False,500475,"['transformers', 'pytorch', 'safetensors', 'detr', 'object-detection', 'vision', 'dataset:coco', 'arxiv:2005.12872', 'license:apache-2.0', 'endpoints_compatible', 'region:us']",object-detection,transformers,2022-03-02T23:29:05.000Z,facebook/detr-resnet-50
63526e37b2c3384b9fed5bd9,google/flan-t5-base,854,False,2788417,"['transformers', 'pytorch', 'tf', 'jax', 'safetensors', 't5', 'text2text-generation', 'en', 'fr', 'ro', 'de', 'multilingual', 'dataset:svakulenk0/qrecc', 'dataset:taskmaster2', 'dataset:djaym7/wiki_dialog', 'dataset:deepmind/code_contests', 'dataset:lambada', 'dataset:gsm8k', 'dataset:aqua_rat', 'dataset:esnli', 'dataset:quasc', 'dataset:qed', 'arxiv:2210.11416', 'arxiv:1910.09700', 'license:apache-2.0', 'autotrain_compatible', 'text-generation-inference', 'endpoints_compatible', 'region:us']",text2text-generation,transformers,2022-10-21T10:02:31.000Z,google/flan-t5-base
66bfbb1a43a701a837a745ac,microsoft/Phi-3.5-mini-instruct,852,False,316623,"['transformers', 'safetensors', 'phi3', 'text-generation', 'nlp', 'code', 'conversational', 'custom_code', 'multilingual', 'arxiv:2404.14219', 'arxiv:2407.13833', 'arxiv:2403.06412', 'license:mit', 'autotrain_compatible', 'text-generation-inference', 'endpoints_compatible', 'region:us']",text-generation,transformers,2024-08-16T20:48:26.000Z,microsoft/Phi-3.5-mini-instruct
64ad19423b0219010e1d216c,meta-llama/Llama-2-70b-hf,849,False,37805,"['transformers', 'pytorch', 'safetensors', 'llama', 'text-generation', 'facebook', 'meta', 'llama-2', 'en', 'arxiv:2307.09288', 'license:llama2', 'autotrain_compatible', 'text-generation-inference', 'endpoints_compatible', 'region:us']",text-generation,transformers,2023-07-11T08:56:34.000Z,meta-llama/Llama-2-70b-hf
653ec25781277ed9683d246f,teknium/OpenHermes-2.5-Mistral-7B,839,False,229105,"['transformers', 'pytorch', 'safetensors', 'mistral', 'text-generation', 'instruct', 'finetune', 'chatml', 'gpt4', 'synthetic data', 'distillation', 'conversational', 'en', 'dataset:teknium/OpenHermes-2.5', 'base_model:mistralai/Mistral-7B-v0.1', 'base_model:finetune:mistralai/Mistral-7B-v0.1', 'license:apache-2.0', 'autotrain_compatible', 'text-generation-inference', 'endpoints_compatible', 'region:us']",text-generation,transformers,2023-10-29T20:36:39.000Z,teknium/OpenHermes-2.5-Mistral-7B
64881f0445a9218318de4a23,baichuan-inc/Baichuan-7B,838,False,14975,"['transformers', 'pytorch', 'baichuan', 'text-generation', 'custom_code', 'zh', 'en', 'arxiv:1910.07467', 'arxiv:2009.03300', 'autotrain_compatible', 'text-generation-inference', 'endpoints_compatible', 'region:us']",text-generation,transformers,2023-06-13T07:47:16.000Z,baichuan-inc/Baichuan-7B
6795ffcd88cd7c0294702a72,Qwen/Qwen2.5-VL-7B-Instruct,836,False,2416868,"['transformers', 'safetensors', 'qwen2_5_vl', 'image-text-to-text', 'multimodal', 'conversational', 'en', 'arxiv:2309.00071', 'arxiv:2409.12191', 'arxiv:2308.12966', 'license:apache-2.0', 'text-generation-inference', 'endpoints_compatible', 'region:us']",image-text-to-text,transformers,2025-01-26T09:26:37.000Z,Qwen/Qwen2.5-VL-7B-Instruct
66901a03c961f5d23fe157b4,apple/DCLM-7B,833,False,629,"['transformers', 'safetensors', 'openlm', 'arxiv:2406.11794', 'license:apple-ascl', 'endpoints_compatible', 'region:us']",,transformers,2024-07-11T17:44:35.000Z,apple/DCLM-7B
645437c6ce1cc3ed5fe548d3,mosaicml/mpt-7b-storywriter,831,False,1098,"['transformers', 'pytorch', 'mpt', 'text-generation', 'Composer', 'MosaicML', 'llm-foundry', 'custom_code', 'dataset:the_pile_books3', 'arxiv:2108.12409', 'arxiv:2205.14135', 'arxiv:2302.06675', 'license:apache-2.0', 'autotrain_compatible', 'text-generation-inference', 'region:us']",text-generation,transformers,2023-05-04T22:55:02.000Z,mosaicml/mpt-7b-storywriter
64ed11a5bae642629c5de3fd,Phind/Phind-CodeLlama-34B-v2,831,False,34377,"['transformers', 'pytorch', 'llama', 'text-generation', 'code llama', 'license:llama2', 'model-index', 'autotrain_compatible', 'text-generation-inference', 'endpoints_compatible', 'region:us']",text-generation,transformers,2023-08-28T21:29:09.000Z,Phind/Phind-CodeLlama-34B-v2
63ee3c8d6349d1a6706771e6,TencentARC/T2I-Adapter,828,False,0,"['arxiv:2302.08453', 'region:us']",,,2023-02-16T14:24:13.000Z,TencentARC/T2I-Adapter
66a0e51a16c91392d42c263d,mistralai/Mistral-Large-Instruct-2407,827,False,7494,"['vllm', 'safetensors', 'mistral', 'en', 'fr', 'de', 'es', 'it', 'pt', 'zh', 'ja', 'ru', 'ko', 'license:other', 'region:us']",,vllm,2024-07-24T11:27:22.000Z,mistralai/Mistral-Large-Instruct-2407
6759799ed862e62a825b5413,answerdotai/ModernBERT-base,827,False,3352598,"['transformers', 'pytorch', 'onnx', 'safetensors', 'modernbert', 'fill-mask', 'masked-lm', 'long-context', 'en', 'arxiv:2412.13663', 'license:apache-2.0', 'autotrain_compatible', 'region:us']",fill-mask,transformers,2024-12-11T11:38:06.000Z,answerdotai/ModernBERT-base
67067ab9dc08442956a2d518,rain1011/pyramid-flow-sd3,825,False,0,"['diffusers', 'safetensors', 'image-to-video', 'sd3', 'text-to-video', 'arxiv:2410.05954', 'base_model:stabilityai/stable-diffusion-3-medium', 'base_model:finetune:stabilityai/stable-diffusion-3-medium', 'license:other', 'region:us']",text-to-video,diffusers,2024-10-09T12:44:41.000Z,rain1011/pyramid-flow-sd3
66abe4b6f91b4bb4e551da79,Kijai/flux-fp8,821,False,0,"['en', 'license:other', 'region:us']",,,2024-08-01T19:40:38.000Z,Kijai/flux-fp8
